"Annotation ID","Listing (folder name)","Year","Semester","Theme","text_folder","annotation_file","UUID","GD_folder_url","GD_text_url","thumbnail_url","abstract_text_url","bib_text_url","Title","Author","Folios","Entry ID","abstract/bib created and copied","Present in log 2018-10-04","Status 2018-10-10","","","","","","","","","","","",""
"ann_999_fa_99","“Stucco-example” fol. 029r_1 (Editor)","2099","Fall","Example","Text_""Stucco-example” fol. 029r_1 (Editor)","AnnotationFall2099_Editor_029r_1","1Q_C73Zq9sfNSnuGdrggBD1i5N7WmpwX1dnHFmohmr0o","https://drive.google.com/open?id=117VPsLGNGtI1cfwD06H-OqR_t3p9jO-x","https://drive.google.com/open?id=1Q_C73Zq9sfNSnuGdrggBD1i5N7WmpwX1dnHFmohmr0o","https://drive.google.com/open?id=1qgwf622DTns6t0fyCg9lyNo6yHyG9r86","https://drive.google.com/open?id=1PUtBIHK9zpUbeBtVWZcGUNukPJrrlrS6hfaw2LOJWRM","https://drive.google.com/open?id=1MBqPRbtB6se6O1sIAcMeW9qnVctFoktwzbus1Rp5zDU","Stucco-example","Editor, General","29r","p029r_1","","N - created 2018-10-10","","","","","","","","","","","","",""
"ann_001_fa_14","""Wax-Tallow,"" fol. 109r (Cataldo, Visco)","2014","Fall","Moldmaking and Metalworking","Text_""Wax-Tallow,"" fol. 109r (Cataldo, Visco)","AnnotationFall2014_CataldoVisco_Wax-Tallow_109r.docx","1307GL5qovGyYjsfiCWTaFhfIsgVnQlso_n-lhQa-urY","https://drive.google.com/open?id=0BwJi-u8sfkVDfjdVNjVyWjZTVmNZMlEwMnVuai1oeGxwa3JlS1VaWWVTQXNLeC1JcWhabzg","https://drive.google.com/open?id=1307GL5qovGyYjsfiCWTaFhfIsgVnQlso_n-lhQa-urY","","","","Wax-Tallow","Cataldo, Visco","109r","p109r_1","","Y","Y","","","","","","","","","","","",""
"ann_002_fa_14","""One-Sided Hollow Cast Medals"" fol. 92r (Landsman, Rowen)","2014","Fall","Moldmaking and Metalworking","Text_""One-Sided Hollow Cast Medals"" fol. 92r (Landsman, Rowen)","AnnotationFall2014_LandsmanRowen_OneSidedHollowCastMedals_92r.docx","1K5vI_wtNCUWXTOr1BFgRsmMQMDSrNFGdzmaeyJKRHA4","https://drive.google.com/open?id=0BwJi-u8sfkVDfmlmV1RuaUJjald2bmlQN3V1N0NTdnM2VzVBdDAwTXVnVnQ3b2lmTGFNaEU","https://drive.google.com/open?id=1K5vI_wtNCUWXTOr1BFgRsmMQMDSrNFGdzmaeyJKRHA4","","","","One-Sided Hollow Cast Medals","Landsman, Rowen","92r","p092r_2","","Y","Y","","","","","","","","","","","",""
"ann_003_fa_14","""Molded Roses,"" fol. 129r, 155r-v (Carlson, Katz)","2014","Fall","Moldmaking and Metalworking","Text_""Molded Roses,"" fol. 129r, 155r-v (Carlson, Katz)","AnnotationFall2014_CarlsonKatz_MoldedRoses_129r155r-v.docx","10_kJBnJ67qrrVBYIw-E9ZZnZXnwu3-XQpHMMRwBslrk","https://drive.google.com/open?id=0BwJi-u8sfkVDflVoU0hUd3RXanJJLTRDZnhiWmd0cUIxX0JjUDlhRmhQdEZZN2psRXc3THc","https://drive.google.com/open?id=10_kJBnJ67qrrVBYIw-E9ZZnZXnwu3-XQpHMMRwBslrk","","","","Molded Roses","Carlson, Katz","129r;155r;155v","p129r_4;p155r_1;p155v_1","","Y","Y","","","","","","","","","","","",""
"ann_004_fa_14","""Original Patterns"" (Landsman, Rowen)","2014","Fall","Moldmaking and Metalworking","Annotation text_""Original Patterns"" (Landsman, Rowen)","AnnotationFall2014_LandsmanRowen_Original Patterns","1NnRe2CYpz5d9jb6m-fgMsdpf07Xu2hw2HQA1neRTZUQ","https://drive.google.com/open?id=0BwJi-u8sfkVDfnhzSFV6WXdfWXNwZFIzSUM4RWp0Q28tcXFOZmJaZl91dU04QlBqN3NnVG8","https://drive.google.com/open?id=1NnRe2CYpz5d9jb6m-fgMsdpf07Xu2hw2HQA1neRTZUQ","","","","Original Patterns","Landsman, Rowen","n/a","n/a","","N - Manually entered","N","","","","","","","","","","","",""
"ann_005_fa_14","""Molded Letter Paper,"" fol. 131r (Carlson, Katz)","2014","Fall","Moldmaking and Metalworking","Text_""Molded Letter Paper,"" fol. 131r (Carlson, Katz)","Annotation_Fall2014_CarlsonKatz_MoldedLetterPaper_131r.docx","18OqnSFdJneElUpi_CvF1XvAFg-yOZsBxj6b_2DypHUA","https://drive.google.com/open?id=0BwJi-u8sfkVDfmlUdWdYdlczSW5HVmNVam5pN1kwYXBvTlZuSDBXZUJDZlRLTkVmdk92N0k","https://drive.google.com/open?id=18OqnSFdJneElUpi_CvF1XvAFg-yOZsBxj6b_2DypHUA","","","","Molded Letter Paper","Carlson, Katz","131r","p131r_2","","Y","Y","","","","","","","","","","","",""
"ann_006_fa_14","""Calcined Oysters,"" fol. 84v (Cataldo, Visco)","2014","Fall","Moldmaking and Metalworking","Text_""Calcined Oysters,"" fol. 84v (Cataldo, Visco)","","","https://drive.google.com/open?id=0BwJi-u8sfkVDfmhqN1REeDBidHVCcFp4V1FJakpxVkVNa2F0MnhYaFpnZjQ0SWZfR3F1OVE","","","","","Calcined Oysters","Cataldo, Visco","84v","p084v_2","","N - Manually entered. More than one text file exists. Need to determine which one is the most complete","N - M&K","","","","","","","","","","","",""
"ann_007_fa_14","""Sulfur and Additives,"" fol. 140v, 12r (Landsman, Rowen)","2014","Fall","Moldmaking and Metalworking","Text_""Sulfur and Additives,"" fol. 140v, 12r (Landsman, Rowen)","AnnotationFall2014_LandsmanRowen_Sulfur and Additives_140v12r.docx","1RT9VZ5Ict0x_6BIWif-xC9gqH-VYhfpvVCeK0sf6ZVc","https://drive.google.com/open?id=0BwJi-u8sfkVDflhIMDlEVnBRZU4xcnNFVTVQcURmNzdqUHJGTDNFdzk1MEdld2Jsenk0bDA","https://drive.google.com/open?id=1RT9VZ5Ict0x_6BIWif-xC9gqH-VYhfpvVCeK0sf6ZVc","","","","Sulfur and Additives","Landsman, Rowen","140v;12r","p140v_1;p012r_1","","Y","Y","","","","","","","","","","","",""
"ann_008_fa_14","""Excellent Mustard,"" fol. 48r (Mellon)","2014","Fall","Moldmaking and Metalworking","Text_""Excellent Mustard,"" fol. 48r (Mellon)","AnnotationFall2014_Mellon_ExcellentMustard_48r.docx","1V0GLiYHerhz-qm-oYfoZI_ukDfS4lczPEJVnGiF-O-0","https://drive.google.com/open?id=0BwJi-u8sfkVDfndGNWxMVU00SW1ucGdrcDJuc18xN1dNamQ4NGRjcmh6OGE0V0puaTFDMmM","https://drive.google.com/open?id=1V0GLiYHerhz-qm-oYfoZI_ukDfS4lczPEJVnGiF-O-0","","","","Excellent Mustard","Mellon","48r","p048r_3","","Y","Y","","","","","","","","","","","",""
"ann_009_fa_14","""Magistry,"" fol. 84r (Lee)","2014","Fall","Moldmaking and Metalworking","Text_""Magistry,"" fol. 84r (Lee)","AnnotationFall2014_Lee_Magistry_84r.docx","12fOKzykn8J--fmftwc-Yghi_uiFex13aw7_hrBV4R1g","https://drive.google.com/open?id=0BwJi-u8sfkVDfklVOFo4VlRzR0VXUGJKLUs0MjNRdms1UnV4b3dHMWFvMTRiR0JFbm5NUkk","https://drive.google.com/open?id=12fOKzykn8J--fmftwc-Yghi_uiFex13aw7_hrBV4R1g","","","","Magistry","Lee","84r","p084r_3","","Y","Y","","","","","","","","","","","",""
"ann_010_fa_14","""Casting in a Box Mold,"" fol. 118v (Carlson, Katz)","2014","Fall","Moldmaking and Metalworking","Text_""Casting in a Box Mold,"" fol. 118v (Carlson, Katz)","AnnotationFall2014_CarlsonKatz_CastingInABoxMold_118v.docx","1aBJDQ2p3E8BGAVYs9XUIwpc1z55IkXimbo7Xs6UOs8I","https://drive.google.com/open?id=0BwJi-u8sfkVDfmpEcWxpM01tYnZJbXlNMGNpLXp0aUtvWFhZN1I1bE5JNnpadVBlUEdiN2s","https://drive.google.com/open?id=1aBJDQ2p3E8BGAVYs9XUIwpc1z55IkXimbo7Xs6UOs8I","","","","Casting in a Box Mold","Carlson, Katz","118v","p118v_1","","Y","Y","","","","","","","","","","","",""
"ann_011_fa_14","""Sands and Binders,"" fol. 82r, 84v (Cataldo, Visco)","2014","Fall","Moldmaking and Metalworking","Text_""Sands and Binders,"" fol. 82r, 84v (Cataldo, Visco)","","","https://drive.google.com/open?id=0BwJi-u8sfkVDfkxzVFN5a3h2TW9SSGY4b0o5UUVnWS11NzJ4dG5WWGxDWG5ub2lsRGkxYkE","","","","","Sands and Binders","Cataldo, Visco","82r;84v","p082r_3;p084v_2","","N - Manually entered. More than one text file exists. Need to determine which one is the most complete","N - M&K","","","","","","","","","","","",""
"ann_012_fa_14","""Ox Bone and Rock Salt,"" fol. 89r (Wang)","2014","Fall","Moldmaking and Metalworking","Annotation text_""Ox Bone and Rock Salt,"" fol. 89r (Wang)","AnnotationFall2014_Wang_OxBoneAndRockSalt_89r","1loE-vuGwOf-2L3HDVwxt5AQmHCbM5IjULZ6QWbPObrg","https://drive.google.com/open?id=0BwJi-u8sfkVDfjNRYzJEYS1Nemd1Sm1aT2J0S0t0clViNThnQlpNYjVtUWwtVlRHNlhaZ00","https://drive.google.com/open?id=1loE-vuGwOf-2L3HDVwxt5AQmHCbM5IjULZ6QWbPObrg","","","","Ox Bone and Rock Salt","Wang","89r","p089r_1","","N - Manually entered","N","","","","","","","","","","","",""
"ann_013_sp_15","""Too Thin Things,"" fol. 142v (Fu, Zhang)","2015","Spring","Moldmaking and Metalworking","Text_""Too Thin Things,"" fol. 142v (Fu, Zhang)","AnnotationSpring2015_FuZhang_TooThinThings_142v.docx","1sLkUY56opxL5MUbgI6d7884xbft12WIh8v_8oU7DoJE","https://drive.google.com/open?id=0BwJi-u8sfkVDfkJmS2RybjBpTmpsVFhDQVo1RVZKMjRGY0d6QlNTYVhqS1VsYi13a0FkLUU","https://drive.google.com/open?id=1sLkUY56opxL5MUbgI6d7884xbft12WIh8v_8oU7DoJE","","","","Too Thin Things","Fu, Zhang","142v","p142v_1","","Y","Y","","","","","","","","","","","",""
"ann_014_sp_15","""Founders of Small Tin Work,"" fol. 80v (Chiostrini, Palframan)","2015","Spring","Moldmaking and Metalworking","Text_""Founders of Small Tin Work,"" fol. 80v (Chiostrini, Palframan)","AnnotationSpring2015_ChiostriniPalframan_FoundersOfSmallTinWork_80v.docx","1H1XkpYLArFcomH2WsPFjpBMutsXl1qzGZiVYJRR77uk","https://drive.google.com/open?id=0BwJi-u8sfkVDfnZ2cUFXWktPQWU0TTJPY3ZUeEVOdkFwS1g5eUhOM1hsRXVTSXRzQ0IxWVk","https://drive.google.com/open?id=1H1XkpYLArFcomH2WsPFjpBMutsXl1qzGZiVYJRR77uk","","","","Founders of Small Tin Work","Chiostrini, Palframan","80v","p080v_1","","Y","Y","","","","","","","","","","","",""
"ann_015_sp_15","""Imitation Coral,"" fol. 3r (Chessa)","2015","Spring","Moldmaking and Metalworking","Text_""Imitation Coral,"" fol. 3r (Chessa)","AnnotationSpring2015_Chessa_ImitationCoral_3r.docx","1aBYi9s6N6VMxkG5UQ2Ai3f6z818B_sC22HQTMvIaVNM","https://drive.google.com/open?id=0BwJi-u8sfkVDfkduRTZXeFcyX1l5Nk1wckhuOFFBbkN0cGVDM0tBdGNZNGZsWno2MWlfRDA","https://drive.google.com/open?id=1aBYi9s6N6VMxkG5UQ2Ai3f6z818B_sC22HQTMvIaVNM","","","","Imitation Coral","Chessa","3r","p003r_1","","Y","Y","","","","","","","","","","","",""
"ann_016_sp_15","""Alabaster Sand,"" fol. 83r (Gans)","2015","Spring","Moldmaking and Metalworking","Text_""Alabaster Sand,"" fol. 83r (Gans)","AnnotationSpring2015_Gans_AlabasterSand_83r.docx","142dGr18rL0dyaBOArTkg6dOzWFsd6qy7QbxezmXmVLw","https://drive.google.com/open?id=0BwJi-u8sfkVDfm5VYmYwWFFESkM3RXRNcDNndnp5bThvOXlJbEFPWFR4N3VQZUNtRVhqNmc","https://drive.google.com/open?id=142dGr18rL0dyaBOArTkg6dOzWFsd6qy7QbxezmXmVLw","","","","Alabaster Sand","Gans","83r","p083r_6","","Y","Y","","","","","","","","","","","",""
"ann_017_sp_15","""Sugar Casting,"" fol. 126r (Durkin)","2015","Spring","Moldmaking and Metalworking","Text_“Sugar Casting,” fol. 126r (Durkin)","AnnotationSpring2015_Durkin_SugarCasting_126r.docx","19hU-U8HcOJgSHUPg5Wi7H0TBqSqnOxjacGPu177bxhI","https://drive.google.com/open?id=0BwJi-u8sfkVDfk1wbnZHODhlMmtBR1VVUldrWjMtSVAxZUVUeWFfVkZ3czYyRU9LM09sM00","https://drive.google.com/open?id=19hU-U8HcOJgSHUPg5Wi7H0TBqSqnOxjacGPu177bxhI","","","","Sugar Casting","Durkin","126r","p126r_1","","Y","Y","","","","","","","","","","","",""
"ann_018_sp_15","""Knowledge Exchange in Ms. Fr. 640,"" fol. 128v (Gans)","2015","Spring","Moldmaking and Metalworking","Text_""Knowledge Exchange in Ms. Fr. 640,"" fol. 128v (Gans)","AnnotationSpring2015_Gans_KnowledgeExchangeInMsFr640_128v","1XmoViEaIn5UbC2XIIG6ZtQ9JAnmz4MFR_vbp2UOprfE","https://drive.google.com/open?id=0BwJi-u8sfkVDfnM2WG51U19oRkFsdjFzeS1mZEp4cEdpcEJSV0NTT3JPQnV6Sy1adjRjbFk","https://drive.google.com/open?id=1XmoViEaIn5UbC2XIIG6ZtQ9JAnmz4MFR_vbp2UOprfE","","","","Knowledge Exchange in Ms. Fr. 640","Gans","128v","p128v_1","","N - Manually entered. The larger annotation folder contained only 1 text file, rather than 3 folders with subsequent files. Text folder has been created and file moved into it","N","","","","","","","","","","","",""
"ann_019_sp_15","""Varnish for Lutes,"" fol. 98r (Marris, Pope)","2015","Spring","Moldmaking and Metalworking","Text_“Varnish for Lutes,” fol. 98r (Marris, Pope)","AnnotationSpring2015_MarrisPope_VarnishForLutes_98r.docx","1MvCkw-O3gfIG2FmEfBxC3mkyyNKWEcv8ow43zU5-d2A","https://drive.google.com/open?id=0BwJi-u8sfkVDfmd3Y3h2RmhNdTAwQWlUZktjeXFGX2FPNFAzX2UwSTJqUjk3dUJ0TE5lM1U","https://drive.google.com/open?id=1MvCkw-O3gfIG2FmEfBxC3mkyyNKWEcv8ow43zU5-d2A","","","","Varnish for Lutes","Marris, Pope","98r","p098r_1","","Y","Y","","","","","","","","","","","",""
"ann_020_sp_15","“Ox Bone, Wine, and Elm Root Sandcasting,” fol. 84v (Marris, Pope)","2015","Spring","Moldmaking and Metalworking","Text_“Ox Bone, Wine, and Elm Root Sandcasting,” fol. 84v (Marris, Pope)","AnnotationSpring2015_MarrisPope_OxBoneWineAndElmRootSandcasting_84v.docx","1BETVIbdM5pBncZiZjb9bPj3v_hijJTeKE0zEKmRdqfY","https://drive.google.com/open?id=0BwJi-u8sfkVDfk5OY0h5UmViNUJ5eERRaGdab2w5MEpMOVA1VG1tTzBXQWJ3Tl92X3R5QWc","https://drive.google.com/open?id=1BETVIbdM5pBncZiZjb9bPj3v_hijJTeKE0zEKmRdqfY","","","","Ox Bone, Wine, and Elm Root Sandcasting","Marris, Pope","84v","p084v_1","","Y","Y","","","","","","","","","","","",""
"ann_021_sp_15","“Powder for Hourglasses,” fol. 10r (Marris, Pope)","2015","Spring","Moldmaking and Metalworking","Text_“Powder for Hourglasses,” fol. 10r (Marris, Pope)","AnnotationSpring2015_MarrisPope_PowderForHourglasses_10r","1xsKy_5wTQ0T_MFow2VG2vL2Sw-Be8wdxHd5ElTTwnnE","https://drive.google.com/open?id=0BwJi-u8sfkVDfm81MDNTQVNkanRWVXlndmtjMHAwRVFuRDAxWWNiLU5hN0EwdFVfSmg3bEU","https://drive.google.com/open?id=1xsKy_5wTQ0T_MFow2VG2vL2Sw-Be8wdxHd5ElTTwnnE","","","","Powder for Hourglasses","Pope","10r","p010r_5","","N - Manually entered. Annotation text folder contains text, appendix file, and a pdf","N - M&K","","","","","","","","","","","",""
"ann_022_sp_15","""Molding a Rose,"" fol. 155r-v (Chiostrini, Palframan)","2015","Spring","Moldmaking and Metalworking","Text_""Molding a Rose,"" fol. 155r-v (Chiostrini, Palframan)","AnnotationSpring2015_ChiostriniPalframan_MoldingARose_155r-v.docx","15_umXL_zydbyQVYeyx1pBFKoAC4p85q1gk0m63Ajrfo","https://drive.google.com/open?id=0BwJi-u8sfkVDfmdrY0JFNnZjZEVyNGYwVnN6a0VuYmlpRlJHU3RWdkdxYUVlb0U2eEM4RXc","https://drive.google.com/open?id=15_umXL_zydbyQVYeyx1pBFKoAC4p85q1gk0m63Ajrfo","","","","Molding a Rose","Chiostrini, Palframan","155r;155v","p155r_1;p155v_1","","Y","Y","","","","","","","","","","","",""
"ann_023_sp_15","""Making Millas,"" fol. 20r (Chiostrini, Palframan)","2015","Spring","Moldmaking and Metalworking","Text_""Making Millas,"" fol. 20r (Chiostrini, Palframan)","AnnotationSpring2015_ChiostriniPalframan_MakingMillas_20r.docx","1siU3IoHA65BVuHF5dt6n8m4jZvZ0OSU43WqR9xpGFCs","https://drive.google.com/open?id=0BwJi-u8sfkVDfm9WMDJSSG4wNFRKb0N1OXYydjFnOW5RcTJ1NjNFUWJRazZETEtqMFlNbnc","https://drive.google.com/open?id=1siU3IoHA65BVuHF5dt6n8m4jZvZ0OSU43WqR9xpGFCs","","","","Making Millas","Chiostrini, Palframan","20r","p020r_1","","Y","Y","","","","","","","","","","","",""
"ann_024_fa_15","""Oil Painting on Taffeta,"" fol. 42v (Bowen, Lou)","2015","Fall","Colormaking","Text_""Oil Painting on Taffeta,"" fol. 42v (Bowen, Lou)","AnnotationFall2015_BowenLou_OilPaintingOnTaffeta_42v.docx","18p6AkoM-WYiVqeYH1t1BF2ofsAvb8fJ0xKlaTTx3YdU","https://drive.google.com/open?id=0BwJi-u8sfkVDTmhNdHU1YnRjeG8","https://drive.google.com/open?id=18p6AkoM-WYiVqeYH1t1BF2ofsAvb8fJ0xKlaTTx3YdU","","","","Oil Painting on Taffeta","Bowen, Lou","42v","p042v_2","","Y","Y","","","","","","","","","","","",""
"ann_025_fa_15","""Oil on Taffeta,"" fol.10v (Bowen, Lou)","2015","Fall","Colormaking","Text_""Oil on Taffeta,"" fol.10v (Bowen, Lou)","AnnotationFall2015_BowenLou_OilOnTaffeta_10v.docx","1LRXL5e5NjUmqFe7smQYYHHMozIGQpdNv88VSC3NAJlI","https://drive.google.com/open?id=0BwJi-u8sfkVDVXNZMHMyMnpQX2M","https://drive.google.com/open?id=1LRXL5e5NjUmqFe7smQYYHHMozIGQpdNv88VSC3NAJlI","","","","Oil on Taffeta","Bowen, Lou","10v","p010v_1","","Y","Y","","","","","","","","","","","",""
"ann_026_fa_15","""Brushes,"" fol. 66v (Carr)","2015","Fall","Colormaking","","","","https://drive.google.com/open?id=0BwJi-u8sfkVDZGt4UjlFM3F3b0U","","","","","Brushes","Carr","66v","","","N - annotation is not in BnF folder","N - M&K","","","","","","","","","","","",""
"ann_027_fa_15","""Reverse Painting on Glass,"" fol. 39v-40r (Zhao)","2015","Fall","Colormaking","Text_""Reverse Painting on Glass,"" fol. 39v-40r (Zhao)","AnnotationFall2015_Zhao_ReversePaintingOnGlass_39v-40r.docx","1hadGQunGoh9R6eJUndm-5MxRcoIi_r95EOG-ZqizP4Y","https://drive.google.com/open?id=0BwJi-u8sfkVDNUIyT2J5UU9rb0U","https://drive.google.com/open?id=1hadGQunGoh9R6eJUndm-5MxRcoIi_r95EOG-ZqizP4Y","","","","Reverse Painting on Glass","Zhao","39v;40r","p039v_3","","Y","Y","","","","","","","","","","","",""
"ann_028_fa_15","""Jasper Imitation on Horn,"" fol. 10r (Estrades)","2015","Fall","Colormaking","Text_""Counterfeit Jasper,"" fol. 10r (Estrades)","AnnotationFall2015_Estrades_Counterfeit Jasper_10r.docx","196dGRxHqXIsJRmfEzzddbrTeI8Y9TvPnaK7Fc4Brp3c","https://drive.google.com/open?id=0BwJi-u8sfkVDZjE3TFN0b3YtVVk","https://drive.google.com/open?id=196dGRxHqXIsJRmfEzzddbrTeI8Y9TvPnaK7Fc4Brp3c","","","","Jasper Imitation on Horn","Estrades","10r","p010r_1","","Y","Y","","","","","","","","","","","",""
"ann_029_fa_15","""Imitation Gemstones, Ruby, Emerald,"" fol. 100r-v (Kremnitzer, Shah)","2015","Fall","Colormaking","Text_""Imitation Gemstones, Ruby, Emerald,"" fol. 100r-v (Kremnitzer, Shah)","","","https://drive.google.com/open?id=0B33U03wERu0ecjZlckFDRE9YQXc","","","","","Imitation Gemstones, Ruby, Emerald","Kremnitzer, Shah","100r;100v","p100r_3;p100v_1","","N - Manually entered. More than one annotation is contained in this folder, and for each annotation, there are multiple files","N - M&K","","","","","","","","","","","",""
"ann_030_fa_15","""Color for Green,"" fol. 158v (Kok)","2015","Fall","Colormaking","Text_""Color for Green,"" fol. 158v (Kok)","AnnotationFall2015_Kok_ColorForGreen_158v.docx","1ylpOMKmEFr5s8TD7CH36vFAfe8v6ssvc67OEGFQnP6A","https://drive.google.com/open?id=0BwJi-u8sfkVDSU1RN3ExeW5WclU","https://drive.google.com/open?id=1ylpOMKmEFr5s8TD7CH36vFAfe8v6ssvc67OEGFQnP6A","","","","Color for Green","Kok","158v","p158v_1","","Y","Y","","","","","","","","","","","",""
"ann_031_fa_15","""Damasked Cloth,"" fol. 15r (Yi)","2015","Fall","Colormaking","Text_""Damasked Cloth,"" fol. 15r (Yi)","AnnotationFall2015_Yi_DamaskedCloth_15r.docx","1cRzMvvNhh-dpr9pvWgzW60NrJBxVyPLuXpH0xMHyj_o","https://drive.google.com/open?id=0BwJi-u8sfkVDV0hwRWRzOFVad3c","https://drive.google.com/open?id=1cRzMvvNhh-dpr9pvWgzW60NrJBxVyPLuXpH0xMHyj_o","","","","Damasked Cloth","Yi","15r","p015r_1","","Y","Y","","","","","","","","","","","",""
"ann_032_fa_15","""Gold Without Gold,"" fol. 29v, 57r (Foyer)","2015","Fall","Colormaking","Text_""Gold Without Gold,"" fol. 29v, 57r (Foyer)","AnnotationFall2015_Foyer_GoldWithoutGold_29v57r.docx","1xA_0tGA7Z8_D93A5PkrG9dtKaPaXRQrATxFXE0ipfQo","https://drive.google.com/open?id=0B33U03wERu0eTGMwZG1nQk5KTFU","https://drive.google.com/open?id=1xA_0tGA7Z8_D93A5PkrG9dtKaPaXRQrATxFXE0ipfQo","","","","Gold Without Gold","Foyer","29v;57r","p029v_1;p056r_2","","Y","Y","","","","","","","","","","","",""
"ann_033_sp_16","""Azure Enamels,"" fol. 11r, 59r, 61v, 93v (Chang, Clemens)","2016","Spring","Colormaking","Text_""Azure Enamels,"" fol. 11r, 59r, 61v, 93v (Chang, Clemens)","AnnotationSpring2016_ChangClemens_AzureEnamels_11r59r61v93v","1YNRGZTID5NGXX3vT5NqRzA7UxT1DW03OSXqLl6cc28U","https://drive.google.com/open?id=0BwJi-u8sfkVDZjVoVURubFJMRlk","https://drive.google.com/open?id=1YNRGZTID5NGXX3vT5NqRzA7UxT1DW03OSXqLl6cc28U","","https://docs.google.com/document/d/1dT-wsTiMMTSfnKO4rXsQSwy4RpupLvU1z0LxOA4zLGA/edit","https://docs.google.com/document/d/10qXbyMR63gXknpqJlJOnEPwY3LHZdOzkq5qWsBefF30/edit","Azure Enamels","Chang, Clemens","11r;59r;61v;93v","p011r_1;p059r_2;p061v_3;p093v_2","CMS 2/13/19","N - Manually entered. Text folder contains text file and a notes file
No Abstract","N - M&K","","","","","","","","","","","",""
"ann_034_sp_16","""Rouge Clair,"" fol. 6r (Chang, Shi)","2016","Spring","Colormaking","Text_“Rouge Clair,” fol. 40v (Chang, Shi)","AnnotationSpring2016_ChangShi_RougeClair_40v.docx","1E7Yx_1PP_KPRRUbgAZmhlxMoMwwLB1OwNJPZIdeQUJg","https://drive.google.com/open?id=0BwJi-u8sfkVDWm03YUhIbEltRHM","https://drive.google.com/open?id=1E7Yx_1PP_KPRRUbgAZmhlxMoMwwLB1OwNJPZIdeQUJg","","https://docs.google.com/document/d/16lVM09m9XzJQDszIP1_HVD3WKX_b2J_cWt1zMjGeiWE/edit","https://docs.google.com/document/d/1pJPZ0vcx248T0I0Qwnb0jwraeEfGIRlWo-P-Xc6TOls/edit","Rouge Clair","Chang, Shi","6r","p006r_1","CMS 2/13/19","No Abstract","Y","","","","","","","","","","","",""
"ann_035_sp_16","“Apprenticeship of the Painter,” fol. 64v (Zhao)","2016","Spring","Colormaking","Text_“Apprenticeship of the Painter,” fol. 64v (Zhao)","AnnotationSpring2016_Zhao_ApprenticeshipOfThePainter_64v.docx","1c8z8aMc_HBVWLs9dU3MQcDGFo7r5c8xJte32f8ArQhI","https://drive.google.com/open?id=0BwJi-u8sfkVDREtnU3ptOU5oa0k","https://drive.google.com/open?id=1c8z8aMc_HBVWLs9dU3MQcDGFo7r5c8xJte32f8ArQhI","","https://docs.google.com/document/d/12Mqo_I5E_eiDwA5nIzv9WHPqdwC0nca_4qcOMb71e-A/edit","https://docs.google.com/document/d/1Ak9Q4m-BU6uFauoCxqFDft2ebeQT6TptTyd9VizgVks/edit","Apprenticeship of the Painter","Zhao","64v","p064v_1","CMS 2/13/19","No Abstract","Y","","","","","","","","","","","",""
"ann_036_sp_16","“Black Color for Dyeing,” fol. 38v (Pitman)","2016","Spring","Colormaking","Text_“Black Color for Dyeing,” fol. 38v (Pitman)","AnnotationSpring2016_Pitman_BlackColorForDyeing_38v.docx","1ZNqXbJINti7teByIul9FVs52sOlzdV0NpW42-heVn3I","https://drive.google.com/open?id=0BwJi-u8sfkVDSm9DR1p2ZGV0QjQ","https://drive.google.com/open?id=1ZNqXbJINti7teByIul9FVs52sOlzdV0NpW42-heVn3I","","https://docs.google.com/document/d/1r0n76LqlDzp9R1KcW0iZjhUgTFlplfQ-ahPO3ul7iTo/edit","https://docs.google.com/document/d/1EC3FbJJSP56LNAHah7FwIZCo87CifNyllPmZUpXIcwg/edit","Black Color for Dyeing","Pitman","38v","p038v_1","CMS 2/13/19","Abstract from form","Y","","","","","","","","","","","",""
"ann_037_sp_16","“Dragon’s Blood,” fol. 29v, 38v (Reich)","2016","Spring","Colormaking","Text_“Dragon’s Blood,” fol. 29v, 38v (Reich)","AnnotationSpring2016_Reich_DragonsBlood_29v38v.docx","1vnWGgmayvX5lFD8UZIelhJQsZB6_mOCeEPlU0B_Q0zU","https://drive.google.com/open?id=0BwJi-u8sfkVDZU5YM1N3RjJKdEU","https://drive.google.com/open?id=1vnWGgmayvX5lFD8UZIelhJQsZB6_mOCeEPlU0B_Q0zU","","https://docs.google.com/document/d/1yoTiyrZ6qlqNnOHnD_YjEKQBWGY7RAAt2HW34addetw/edit","https://docs.google.com/document/d/1RMtEorjEe1RD51hMWUGsCVEqQNTCkhH2xHAmc5XBjwc/edit","Dragon's Blood","Reich","29v;38v","p029v_6;p038v_2","CMS 2/12/19","No Abstract","Y","","","","","","","","","","","",""
"ann_038_sp_16","“Esmail,” fol. 39v, 103v, 104r, 116r, 136r (Chang, Clemens, Shi)","2016","Spring","Colormaking","Text_“Esmail,” fol. 39v, 103v, 104r, 116r and 136r (Chang, Clemens, Shi)","AnnotationSpring2016_ChangClemensShi_Esmail_39v103v104r116r136r.docx","1eazIdUafywO9AtLxRvLEzj6LfpPmTM0VK4x8oOHh-Pg","https://drive.google.com/open?id=0BwJi-u8sfkVDYVR5NE9zV1BfTUE","https://drive.google.com/open?id=1eazIdUafywO9AtLxRvLEzj6LfpPmTM0VK4x8oOHh-Pg","","https://docs.google.com/document/d/1gZ2-xoo1ZhRkkNL_rCWFi5rvLcKAypmM7PzSMvmeHHM/edit","https://docs.google.com/document/d/1DfEWKnbftUiBWxWrvnpiwo0tvCMeiJvboCbL6GFcQJ4/edit","Esmail","Chang, Clemens, Shi ","39v;103v;104r;116r;136r","p039v_1;p103v_5;p104r_5;p116r_4;p136r_1","CMS 2/12/19","No Abstract","Y","","","","","","","","","","","",""
"ann_039_sp_16","“Gilding on Paper and Parchment,” fol. 10v, 29v (Goldenberg)","2016","Spring","Colormaking","Text_“Gilding on Paper and Parchment,” fol. 10v, 29v (Goldenberg)","AnnotationSpring2016_Goldenberg_GildingOnPaperAndParchment_10v29v.docx","1GFWxS3NKhzh_olGNGMh77ZGAIs7KN_wJQZ2ORjXD44w","https://drive.google.com/open?id=0BwJi-u8sfkVDaHRZY1RlRVlvUHc","https://drive.google.com/open?id=1GFWxS3NKhzh_olGNGMh77ZGAIs7KN_wJQZ2ORjXD44w","","https://docs.google.com/document/d/1XvOuyLlPDB-Sj_duz7cVvsgy3vUhhAU26nJj7WB0w78/edit","https://docs.google.com/document/d/1Xo0x7NMT1MMB2173lqjGdvC8YYHyhfIVKjG_i1V8NMc/edit","Gilding on Paper and Parchment","Goldenberg","10v;29v ","p010v_2;p029v_2","CMS 2/12/19","No Abstract","Y","","","","","","","","","","","",""
"ann_040_sp_16","“Marbling with Varnish,” fol. 56r (Soley)","2016","Spring","Colormaking","Text_“Marbling with Varnish,” fol. 56r (Soley)","AnnotationSpring2016_Soley_MarblingWithVarnish_56r.docx","10AcxQUvF9X-bFESeqAEjqEWFyrSchAbdk15o1OSVdRU","https://drive.google.com/open?id=0BwJi-u8sfkVDaUlyU2ZmaWtuZWs","https://drive.google.com/open?id=10AcxQUvF9X-bFESeqAEjqEWFyrSchAbdk15o1OSVdRU","","https://docs.google.com/document/d/1jFr00E1DAOXhPiyI2IDf9PDGsFWqygvq262wtlMETZc/edit","https://docs.google.com/document/d/1MyGzdST2ywEEhw1NnsCwXa-mNV9ii3ojjdxNnWMG20A/edit","Marbling with Varnish","Soley","56r","p056r_2","CMS 2/12/19","No Abstract","Y","","","","","","","","","","","",""
"ann_041_sp_16","“Or mat,” fol. 66r-v (Ndungu)","2016","Spring","Colormaking","Text_“Or mat,” fol. 66r-v (Ndungu)","AnnotationSpring2016_Ndungu_OrMat_66r-v","1GSK7Q5bHBacEjM3cAhqMBiA1yy93VlRZi6NuNsHj_kU","https://drive.google.com/open?id=0BwJi-u8sfkVDSHVSMExNZUZjdkU","https://drive.google.com/open?id=1GSK7Q5bHBacEjM3cAhqMBiA1yy93VlRZi6NuNsHj_kU","","https://docs.google.com/document/d/1YvwkgRejO3gpvEYe-J9Iw1oGC1L3umb_U1RfyUBp7EU/edit","https://docs.google.com/document/d/1au4GxbHZTiayhKf-9YXkV1LzNGJxvJa4Iy_qNMMyRig/edit","Or mat","Ndungu","66r;66v","p066r_5","CMS 2/12/19","N - Manually entered. Annotation text folder contains 3 text files: the annotation plus 2 notes docs
No Abstract","N - M&K","","","","","","","","","","","",""
"ann_042_sp_16","“Painting Skin and Shadows a destrempe,” fol. 65r, 66r, 93v (Nisse)","2016","Spring","Colormaking","Text_“Painting Skin and Shadows a destrempe,” fol. 65r, 66r, 93v (Nisse)","AnnotationSpring2016_Nisse_PaintingSkinAndShadowsADestrempe_65r66r93v.docx","1Okouu9SBGrEKg-byIMPkvpYGgpemoFZuyh6vhqO_swo","https://drive.google.com/open?id=0BwJi-u8sfkVDTkM0UklMWDhqZlU","https://drive.google.com/open?id=1Okouu9SBGrEKg-byIMPkvpYGgpemoFZuyh6vhqO_swo","","https://docs.google.com/document/d/1opbUhNQfKg7rxM6YOM-59ULjhwAZa38syyJI20jF-Pk/edit","https://docs.google.com/document/d/1ekiu1pyQAxEo29OsJUuPUYS4FG7paYYtan28JrlQsR0/edit","Painting Skin and Shadows a destrempe","Nisse","65r;66r;93v","p065r_1;p066r_2;p093v_1","CMS 2/12/19","No Abstract","Y","","","","","","","","","","","",""
"ann_043_sp_16","“Sleight of Hand Tricks,” fol. 33r, 36r, 43v (Barwich)","2016","Spring","Colormaking","Text_“Sleight of Hand Tricks,” fol. 33r, 36r, 43v (Barwich)","AnnotationSpring2016_Barwich_SleightOfHandTricks_33r36r43v.docx","1g8zJFcK35VdDmYfw8bHrBRHvNiz35pRjAkri-hkfFTo","https://drive.google.com/open?id=0BwJi-u8sfkVDTFYtZWFfNFhHWEU","https://drive.google.com/open?id=1g8zJFcK35VdDmYfw8bHrBRHvNiz35pRjAkri-hkfFTo","","https://docs.google.com/document/d/17NMSA5bXhC0cuiCDtXJfYVO_dITBnbsuVdWsmWopjBY/edit","https://docs.google.com/document/d/1o4nY1_7qm23QoKp7MWC39VltWeeV12l94r4a2tmb05M/edit","Sleight of Hand Tricks","Barwich","33r;36r;43v","p033r_1;p036r_1;p043v_1","CMS 2/12/19","Abstract from form","Y","","","","","","","","","","","",""
"ann_044_sp_16","“Sulfuric Acid as a Writer’s Material,” fol. 46v (Clemens)","2016","Spring","Colormaking","Text_“Sulfuric Acid as a Writer's Material,” fol. 46v (Clemens)","AnnotationSpring2016_Clemens_SulfuricAcidAsAWritersMaterial_46v.docx","1ecqhD3o8-zIsIHHmHr1vNEd_n_KX8_EqZbjw3KPj4WE","https://drive.google.com/open?id=0BwJi-u8sfkVDblA3VEdCZ3pQVTA","https://drive.google.com/open?id=1ecqhD3o8-zIsIHHmHr1vNEd_n_KX8_EqZbjw3KPj4WE","","https://docs.google.com/document/d/14jjrvhxUrHXI-tog_W2gt8BGvtwbSIgRi_hD5bzKWHo/edit","https://docs.google.com/document/d/1U-FypEI5G-sk-adePl2oSgpDTu0TJBkXxum1TBYkrW8/edit","Sulfuric Acid as a Writer's Material","Clemens","46v","p046v_1","CMS 2/12/19","Abstract from form","Y","","","","","","","","","","","",""
"ann_045_fa_16","""Imitating Raw Nature,"" fol. 10r (Lores-Chavez & Kang)","2016","Fall","Practical Knowledge","Text_""Imitating Raw Nature,"" fol. 10r (Lores-Chavez & Kang)","AnnotationFall2016_Lores-Chavez-Kang_Imitating Raw Nature.docx","1aAzJCpPemNzpWp-zaRL9bLlFxJAqP6t2hw8uDYGHzog","https://drive.google.com/open?id=0BwJi-u8sfkVDd2JGLVFjeHY4Z0U","https://drive.google.com/open?id=1aAzJCpPemNzpWp-zaRL9bLlFxJAqP6t2hw8uDYGHzog","","https://docs.google.com/document/d/1kDE7lw3lOnhXEjW97N9H6B7EkvMijGzII7CTTLmElPc/edit","https://docs.google.com/document/d/15OYns6fIgmcJaRRCYvbdfRKLm9OMxzX2pdsE8P5lY0c/edit","Imitating Raw Nature","Lores-Chaves, Kang","10r","p010r_1","NJR 2/12/19","Y - appendix moved into illustrations folder from the larger annotation folder","Y","","","","","","","","","","","",""
"ann_046_fa_16","""Pain, Ostie, Rostie: Bread in Early Modern Europe,"" fols. 4v, 37r, 79v (Le Pouésard)","2016","Fall","Practical Knowledge","Text_""Pain, Ostie, Rostie: Bread in Early Modern Europe,"" fols. 4v, 37r, 79v (Le Pouésard)","AnnotationFall2016_LePouésard_Pain, Ostie, Rostie: Bread in Early Modern Europe.docx","1CEBDmg30igI1Lgo6JRlVJWs1HvwP0wjG1XTEYLY6xdA","https://drive.google.com/open?id=0BwJi-u8sfkVDR09tZUQyanRod3c","https://drive.google.com/open?id=1CEBDmg30igI1Lgo6JRlVJWs1HvwP0wjG1XTEYLY6xdA","","https://docs.google.com/document/d/13DJSxzeiPD9JyEqp8KzfmpLrCzKkubZd2xSfxHi5XbI/edit","https://docs.google.com/document/d/1_5dValq92aHXAz_KH3Dvw98K1cHcKTL9pp9w7Pyaotc/edit","Pain, Ostie, Rostie: Bread in 
Early Modern Europe","Le Pouésard","4v;37r;79v","p004v_1;p037r_2;p079v_2","NJR 2/12/19","Y","Y","","","","","","","","","","","",""
"ann_047_fa_16","""Spinet playing by itself,"" fol. 104v (Hiebert)","2016","Fall","Practical Knowledge","Text_""Spinet playing by itself,"" fol. 104v (Hiebert)","AnnotationFall2016_Hiebert_104v.docx","1q9ohIxiVHQ5FdfZmF02VNC5cjOyIlSbN69I5JwXuKvU","https://drive.google.com/open?id=0BwJi-u8sfkVDaHBIVmRtMFRwZjg","https://drive.google.com/open?id=1q9ohIxiVHQ5FdfZmF02VNC5cjOyIlSbN69I5JwXuKvU","","https://docs.google.com/document/d/1KjPLFKA-mcd_3EIgHuQUdGJc4wsu4XbQOvJJKzM_1_8/edit","https://docs.google.com/document/d/1CMzDukfUMRVjjuIDc4jNecZuDhurgxLxOhdL3urPAqE/edit","Spinet Playing by Itself","Hiebert","104v","p104v_4","NJR 2/12/19","Y","Y","","","","","","","","","","","",""
"ann_048_fa_16","""Smoke as Medicine,"" fol. 77r (DeVinney)","2016","Fall","Practical Knowledge","Text_""Smoke as Medicine,"" fol. 77r (DeVinney)","AnnotationFall2016_DeVinney_77r.docx","1W6tlHrnt_ZrFdCkHLsiJAlBf6lne-Xw8msAPtPWntYA","https://drive.google.com/open?id=0BwJi-u8sfkVDVEUtZWtJYy1XR0k","https://drive.google.com/open?id=1W6tlHrnt_ZrFdCkHLsiJAlBf6lne-Xw8msAPtPWntYA","","https://docs.google.com/document/d/1orQMHFJjliwqeSpAoRmkLhMlvU1JaTDgA0WNOfFtVE4/edit","https://docs.google.com/document/d/1xDVyHHq_u0cbld8z3V7NxnzdMwMCdqzD2CX0oMGvKec/edit","Smoke as Medicine","DeVinney","77r","p077r_2","CMS 2/12/19","Y","Y","","","","","","","","","","","",""
"ann_049_fa_16","""Keeping dried flowers in the same condition all year,"" fol. 120v and 121r (Sellar)","2016","Fall","Practical Knowledge","Text_""Keeping dried flowers in the same condition all year,"" 120r121v (Sellar)","AnnotationFall2016_Sellar_Keeping dried flowers in the same condition all year, fol. 120r,120v.docx","1lBmlGAnYXuNKL7mVVGKiCdJeJaQx7Rx1DZhmJuAqx-0","https://drive.google.com/open?id=0BwJi-u8sfkVDR0NUVDhWOEI0WU0","https://drive.google.com/open?id=1lBmlGAnYXuNKL7mVVGKiCdJeJaQx7Rx1DZhmJuAqx-0","","https://docs.google.com/document/d/15zKiTdfRpIPsbxSQhg0dSwLvA4S3L3odqi9d58LT6Wg/edit","https://docs.google.com/document/d/1Uxfu4qQutVAU-B-RLAzfxHK6J6Xz-zeiGqDp8gdoV28/edit","Keeping dried flowers in the same condition all year","Sellar","120v;121r","p120v_6","CMS 2/12/19","Y","Y","","","","","","","","","","","",""
"ann_050_fa_16","""Bread as Mediating Material: Tactile Memory and Touch in Ms. Fr. 640,"" 
fols. 29r, 114v, 129v, 130r (Le Pouésard)","2016","Fall","Practical Knowledge","Text_""Bread as Mediating Material: Tactile Memory and Touch in Ms. Fr. 640,"" fols. 29r, 114v, 129v, 130r (Le Pouésard)","AnnotationFall2016_LePouésard_Bread as Mediating Material: Tactile Memory and Touch in Ms. Fr. 640.docx","1MOOTZrA-oPNCQbQ1ivMx8c0Y92nGpMfYqgr51gp_Zsg","https://drive.google.com/open?id=0BwJi-u8sfkVDLU9qZ0xaSUxRU00","https://drive.google.com/open?id=1MOOTZrA-oPNCQbQ1ivMx8c0Y92nGpMfYqgr51gp_Zsg","","https://docs.google.com/document/d/1C7nXv5L4zP4lRv1WSp8drDjcVhahXD4dXqr1DhoRDCY/edit","https://docs.google.com/document/d/1qKsXaKb7E2yAbV4P8wYw8Zns2fgfuybnCOLBEqnA_q8/edit","Bread as Mediating Material: 
Tactile Memory and Touch in Ms.
 Fr. 640","Le Pouésard","29r;114v;129v;130r","p029r_1;p114r_1;p129v_1;p130r_1","CMS 2/12/19","Y","Y","","","","","","","","","","","",""
"ann_051_fa_16","""Black Sulfured Wax,"" fol. 139v_1 (Kang & Lores-Chavez)","2016","Fall","Practical Knowledge","Text_""Black Sulfured Wax,"" fol. 139v_1 (Kang & Lores-Chavez)","AnnotationFall2016_KangLores-Chavez_Black Sulfured Wax","1xKOrBMh5Z8-sLrWJwrD9c9XZx195_PGrtpxhjjBugjw","https://drive.google.com/open?id=0BwJi-u8sfkVDTjV5QVV3NndVSVk","https://drive.google.com/open?id=1xKOrBMh5Z8-sLrWJwrD9c9XZx195_PGrtpxhjjBugjw","","https://docs.google.com/document/d/1s6_W8ILzur1j8-wnD7V1VR5gaV4ehcmTWzArk6_0TOc/edit","https://docs.google.com/document/d/1Mwg5vfvs5lhjSD_2qgkSSlKKeYeu3chAFyF-bmVXCPY/edit","Black Sulfered Wax","Lores-Chaves,
Kang","139v","p139v_1","CMS 2/12/19","N - Manually entered. Text folder contained text doc plus appendix. The appendix has been moved into the illustrations folder.","N - M&K","","","","","","","","","","","",""
"ann_052_fa_16","""For Cages and Glass in Ms. Fr. 640,"" fol.006v (Donefer-Hickie)","2016","Fall","Practical Knowledge","Text_""For Cages,"" fol.6v (Donefer-Hickie)","AnnotationFA16_Donefer-Hickie_ForCages_fol.006v.docx","1hEo2AgxgnVOB8ArPqFRgTwDb_2t7wAood6JVk7J5nzM","https://drive.google.com/open?id=0BwJi-u8sfkVDZWhQSktFWmZEenc","https://drive.google.com/open?id=1hEo2AgxgnVOB8ArPqFRgTwDb_2t7wAood6JVk7J5nzM","","https://docs.google.com/document/d/1P_21BzydJyJY3GrvNB1q-opGFLBaXQOoNHfCUxsHrcI/edit","https://docs.google.com/document/d/1t3xzHPvCyjJxAxydwB6KuY6vSDWf1OjFTQ16eH0UYSY/edit","For Cages and Glass in Ms. Fr.
640","Donefer-Hickie","006v","p006v_1","CMS 2/12/19","Y","Y","","","","","","","","","","","",""
"ann_053_fa_16","""Buckram Sausage,"" fol. 23r and 23v (Fong)","2016","Fall","Practical Knowledge","Text_""Buckram Sausage,"" fol. 23r and 23v (Fong)","AnnotationFall2016_Fong_Buckram Sausage.docx","1eGs3getVzKz6kch_2ayHTyFFY2vc-u4pMDnSaMDjbXo","https://drive.google.com/open?id=0BwJi-u8sfkVDSGhqanplX25iVnM","https://drive.google.com/open?id=1eGs3getVzKz6kch_2ayHTyFFY2vc-u4pMDnSaMDjbXo","","https://docs.google.com/document/d/1GX0VrkeqvaZSQRpe7Pur61DtSbKyvF91AiiUi3FypJI/edit","https://docs.google.com/document/d/1TB9v0NzP9yQhZyzq1HkctT91YvYBKfbs4QXXBVfP7Mk/edit","Buckram Sausage","Fong","23r;23v","","CMS 2/12/19","Y","Y","","","","","","","","","","","",""
"ann_054_sp_17","""To relieve the pain of g[out],"" fol. 7v (Basile)","2017","Spring","Practical Knowledge","Annotation text_""To relieve the pain of g[out],"" fol.7v (Basile)","AnnotationSpring2017_Basile_7v_to_relieve_the_pain_of_g[out]","17uHPz3-UcNIYyFfxE752ocRMTaXy8P9py1czeuLmhuw","https://drive.google.com/open?id=0BwJi-u8sfkVDdmhzdTVKMzA5MUE","https://drive.google.com/open?id=17uHPz3-UcNIYyFfxE752ocRMTaXy8P9py1czeuLmhuw","","https://docs.google.com/document/d/1YR-f5N6XbdGGCXKeh9F_jdomt9ZzuQao3GA-1karLNo/edit","https://docs.google.com/document/d/1pDgymAH7Pmefgq3YDZlGLrzvap89o3-KBfSqnYfuEZM/edit","The Riddle of ‘g.’ in Fol. 7v","Basille","7v","p007v_3","CMS 2/12/19","N - Manually entered","N","","","","","","","","","","","",""
"ann_055_sp_17","""Distillation,"" fol. 3v (Eom)","2017","Spring","Practical Knowledge","Annotation text_""Distillation,"" fol. 3v (Eom)","AnnotationSpring2017_Eom_3v_distillation","1pxPBIu53a8DWeO-7Yj8p9GnG_9j_rKahiM3WExMOPXM","https://drive.google.com/open?id=0BwJi-u8sfkVDcWxCODkwYlFOakU","https://drive.google.com/open?id=1pxPBIu53a8DWeO-7Yj8p9GnG_9j_rKahiM3WExMOPXM","","https://docs.google.com/document/d/1H0n_HIRQ0SNhegaOwXsDNAchKFMV4dCKAdU0GJjAmwg/edit","https://docs.google.com/document/d/1sYdjNokIsOSYnu9qFkAN3Y9bDLRrvWBtCLQ0ecL-Vtc/edit","AnnotationSpring2017_Eom_Distillation","Eom","3v","p003v_1","CMS 2/12/19","N - Manually entered","N","","","","","","","","","","","",""
"ann_056_sp_17","""Fish Glue,"" fol. 7r (Wang)","2017","Spring","Practical Knowledge","Annotation Text_""Fish Glue,"" fol. 7r (Wang)","AnnotationSpring2017_Wang_7r_fish_glue.docx","1SGg2PkHh9v39DduFD0bND4ugiV5BJ_sJ68uZ-1LTprQ","https://drive.google.com/open?id=0BwJi-u8sfkVDTzFzX19nMDBOZ1k","https://drive.google.com/open?id=1SGg2PkHh9v39DduFD0bND4ugiV5BJ_sJ68uZ-1LTprQ","","https://docs.google.com/document/d/102QrabbLfCzVJeaSCiW38Rq9AiCumhZULmecq8Qxh9g/edit","https://docs.google.com/document/d/1v3sv7xtWHY9CNpM3nvgrsZRME6KpYwoI1byssvmtGT8/edit","Making and Using Fish Glue in Ms. Fr. 640","Wang","7r","p007r_4","CMS 2/12/19","Y","Y","","","","","","","","","","","",""
"ann_057_sp_17","""Collecting Cures,"" (Liu)","2017","Spring","Practical Knowledge","Text_""Collecting Cures,"" (Liu)","AnnotationSpring2017_Liu_collecting_cures","1b47NBJCgJv85brWfhR-lA8lW61NL1if5tXNM3CAm7ko","https://drive.google.com/open?id=0BwJi-u8sfkVDemhRNkwtQlNWWjQ","https://drive.google.com/open?id=1b47NBJCgJv85brWfhR-lA8lW61NL1if5tXNM3CAm7ko","","https://docs.google.com/document/d/1Wm6wwdlxcbmIZ3G4GM5h6wPPB9i9e1nCnmnGOhMzw30/edit","https://docs.google.com/document/d/1kzbtmbyERAJWQFB7QgcoKHcpdbwHdJG2IyrWmJJDJE8/edit","Collecting Cures in an Artisanal Manuscript: Practical Therapeutics and Disease","Liu","--","","CMS 2/12/19","N - Manually entered. The larger annotation folder contained only 1 text file, rather than 3 folders with subsequent files. Text folder has been created and file moved into it","Y","","","","","","","","","","","",""
"ann_058_sp_17","""Reconstructing Cures,"" fols. 46r, 47r, 66v, 103r (Liu)","2017","Spring","Practical Knowledge","","","","https://drive.google.com/open?id=0BwJi-u8sfkVDQUNhNmlob2pEMG8","","","","","Reconstructing Cures","Liu","46r;47r;66v;103r","p046r_1;p047r_1;p066v_1;p103r_1","","N - Manually entered. More than one annotation is contained in this folder. There is no ""text"" folder - the files are loose in the larger folder","N - M&K","","","","","","","","","","","",""
"ann_059_sp_17","""Silkworms in Algiers,"" fols. 52r-v, 53v (Grafit)","2017","Spring","Practical Knowledge","Annotation text_""Silkworms in Algiers,"" fols. 52r-v & 53v (Grafit)","AnnotationSpring2017_Grafit_52r-v&53v_silkworms_in_Algiers","1p_7hl5jjX33TTue-WyPEc9tuzWRf3wvivDUDJAUfrAg","https://drive.google.com/open?id=0BwJi-u8sfkVDdDhPNk9BSUlwSDQ","https://drive.google.com/open?id=1p_7hl5jjX33TTue-WyPEc9tuzWRf3wvivDUDJAUfrAg","","https://docs.google.com/document/d/1JSg43lGixViKY-rfSNj16PFynhOzZt-O9tEzsucrXCA/edit","https://docs.google.com/document/d/1wuo9Aj7EJ2HcKTyHyqDWZ_8vwMUEdvCH6F2OvFd7p6U/edit","Silkworms and the Work of Algiers","Grafit","52r;52v;53v","p052r_1;p053v_1","CMS 2/12/19","N - Manually entered","N","","","","","","","","","","","",""
"ann_060_fa_17","""Azur d'esmail,"" fol. 11r (Garris)","2017","Fall","Ephemeral Art","Text_""Azur d'esmail,"" fol. 11r (Garris)","AnnotationFall2017_Garris_11r Azur d'esmail.docx","17hHyMybv4V8116hwkNjE98VsiQWAqTBf6oi0cJvZYRY","https://drive.google.com/open?id=0BwJi-u8sfkVDRWRCMk95OUprZDg","https://drive.google.com/open?id=17hHyMybv4V8116hwkNjE98VsiQWAqTBf6oi0cJvZYRY","","https://docs.google.com/document/d/1j-gqj473KBITyeiwzfUKcbCcENLkP6B4qmb-PYUMGdw/edit","https://docs.google.com/document/d/1hWEQbS74Qm3WqPgVNDnU34puILVlouwgP1yZZljQeOc/edit","An Exploration + Analysis of “Azur” as a General or Specific Term for Blue Pigments","Garris","11r","p011r_1","NJR 2/12/19","Y","Y","","","","","","","","","","","",""
"ann_061_fa_17","""Carton or Paper mache: Words and concepts in early modern France,"" fols. 81r, (Dongchung)","2017","Fall","Ephemeral Art","Annotation Text_""Understanding Carton,"" fol. 81r, (Dongchung)","AnnotationFall2017_Dongchung_81r.docx","1mBLrW4d6iVnUVw6h9TlEIAAaECYLdPOBKPw2EsyE3x8","https://drive.google.com/open?id=0BwJi-u8sfkVDU2xpdVJOUWIzanM","https://drive.google.com/open?id=1mBLrW4d6iVnUVw6h9TlEIAAaECYLdPOBKPw2EsyE3x8","","https://docs.google.com/document/d/1kxBHLlg9Rx_A-_c0QedQO07Fm0gws3QHVo-OYzzEmu4/edit","https://docs.google.com/document/d/1C-iSN1SmYOpbdCwuJkWXq7XSxyEalSHd5jqM5ywPV-U/edit","Understanding “Carton” in early modern Europe ","Donchung","81r","p081r_4","NJR 2/12/19","Y","Y","","","","","","","","","","","",""
"ann_062_fa_17","""Oil painting on Taffeta,"" fols. 42v_a3, 10v_1 (Yar)","2017","Fall","Ephemeral Art","Text_""Oil painting on Taffeta,"" fols. 42v_a3, 10v_1 (Yar)","AnnotationFall2017_SumeyyeYar_OilOnTaffeta_10v_42v.docx.docx","12_YqtiXR7CwuXGT5ZoVthRLLRrFKrpiFt1_B00Ccsmc","https://drive.google.com/open?id=0BwJi-u8sfkVDbTJ2NXVOY2s1Wk0","https://drive.google.com/open?id=12_YqtiXR7CwuXGT5ZoVthRLLRrFKrpiFt1_B00Ccsmc","","https://docs.google.com/document/d/1Vpd46WI_J3kackNkHBV-r7m8FHMbqxVpGPwvBRNSy6w/edit","https://docs.google.com/document/d/1Mz_ypm_t7o27ey33oDFUyKZlOZsngPTTk_B2wtEqSMo/edit"," “For painting in oil on taffeta without the oil running” and “Painting in oil on taffeta”","Yar","10v;42v","p010v_1;p042v_3","NJR 2/12/19","Y","Y","","","","","","","","","","","",""
"ann_063_fa_17","“Artificial grottos for festivals,” fols. 40r, 118r (Ullman)","2017","Fall","Ephemeral Art","Annotation Text_“Artificial grottos,” fol. 40r, 110r, 118r (Ullman)","AnnotationFall2017_Ullman_40r_110r_118r_Artificial Grottos.docx","13loGYUe5opVD70QU06itK1Lf-eG03DYH78MWvvBYcKg","https://drive.google.com/open?id=0BwJi-u8sfkVDNjZlcjM0ZFE1dlk","https://drive.google.com/open?id=13loGYUe5opVD70QU06itK1Lf-eG03DYH78MWvvBYcKg","","https://docs.google.com/document/d/1hSNcB7fgJBDp29YYMP6Q2Jw7NxfKI06exvdZBlKEZfA/edit","https://docs.google.com/document/d/1_6XLDIW9X4ECkjphag91iO07Sf_naNqyw7v-4tehRmM/edit","Artificial grottos for festivals","Ullman","40r;110r;118r","p040r_5;p110r_2;p118r_1","CMS 2/12/19","Y","Y","","","","","","","","","","","",""
"ann_064_fa_17","“Stucco” fol. 029r_1 (Elizondo-Garza)","2017","Fall","Ephemeral Art","Text_“Stucco” fol. 029r_1 (Elizondo-Garza)","AnnotationFall2017_Elizondo-Garza_029r_1.docx","1rFTvhb6SXakrT0MlHtZF3U3PW0GmKH5iiILhz3C0nrg","https://drive.google.com/open?id=0BwJi-u8sfkVDV1JrYkNTQUpTbVk","https://drive.google.com/open?id=1rFTvhb6SXakrT0MlHtZF3U3PW0GmKH5iiILhz3C0nrg","","https://docs.google.com/document/d/1uR-W02GVD2bUOT4jas7GNdjrU-tewoT6PsHdtHLYQQA/edit","https://docs.google.com/document/d/1K6WhgLKWxUfUycp-IhRbcb1hMFXxEQOCTc9x5iqRMBQ/edit","Stucco for Molding","Elizondo-Garza","29r","p029r_1","CMS 2/12/19","Y","Y","","","","","","","","","","","",""
"ann_065_fa_18","""Corrode and Dissolve: A Recipe for Making Aquafortis,"" fol. 75r (Assis)","2018","Fall","Print Techniques","Text_""For making aquafortis,"" fol. 75r (Assis)","AnnotationFall2018_Assis_75r","1AtzPM-a2btZ8CC-teK34SgnLqTI3XfTfCyi-Sz30C98","https://drive.google.com/open?id=1St0DVpmL3afXLqxX4yuBguKcyrwhOBkA","https://docs.google.com/document/d/1AtzPM-a2btZ8CC-teK34SgnLqTI3XfTfCyi-Sz30C98/edit?usp=sharing","","","","Corrode and Dissolve: A Recipe for Making Aquafortis","Assis","75r","p075r_4","","37","49","","","","","","","","","","","",""
"ann_066_fa_18","“La Maison Rustique,” (Bergen)","2018","Fall","Print Techniques","Text_“La Maison Rustique,” (Bergen)"," AnnotationFall2018_Bergen_LaMaisonRustique","18erKiiynTri5JYu4IXJ4ph4h3a_PoPHz5nHpYoVjXPY","https://drive.google.com/open?id=1LAyqS2v1ba3V2-W8IYQ7SIXIY2MzZsaH","https://docs.google.com/document/d/18erKiiynTri5JYu4IXJ4ph4h3a_PoPHz5nHpYoVjXPY/edit?usp=sharing","","","","“Dans La Maison Rustique”: Cultivation in BnF Ms. Fr. 640 and the Genre Conventions of the Household Manual","Bergen","N/A","N/A","","","","","","","","","","","","","","",""
"ann_067_fa_18","""Transferring Images,"" fol. 19v, fol. 42v, fol. 51r (Bertozzi)","2018","Fall","Print Techniques","Text_""Transferring Images,"" fol. 19v_2, fol. 42v_1, fol. 51r_1 (Bertozzi)","AnnotationFall2018_Bertozzi_19v-42v-51r","1kFOkqr2zf_cTKf8D28a9xWET7riEdPfHiir3KK422I4","https://drive.google.com/open?id=15R0r_zc0ElZnH49xvsvA7xkR3r2TaYqu","https://docs.google.com/document/d/1kFOkqr2zf_cTKf8D28a9xWET7riEdPfHiir3KK422I4/edit","","","","Transferring Images","Bertozzi","19v;42v;51r","p019v_2;p042v_1;p051r_1","","","","","","","","","","","","","","",""
"ann_068_fa_18","""Tablets"", fol. 15v (Bostock)","2018","Fall","Print Techniques","Text_""Tablets,"" fol. 15v (Bostock)","Text_""Tablets,"" fol. 15v (Bostock)","1-LNbahK2iBuPbT-fqOSL_J16y1v0Nx8rLMHc6QF5HnQ","https://drive.google.com/open?id=1U2zubc8uWQfEhoik-pgwXfZZQTjdv5E6","https://drive.google.com/open?id=1-LNbahK2iBuPbT-fqOSL_J16y1v0Nx8rLMHc6QF5HnQ","","","","Tablets","Bostock","15v","p015v_1","","","","","","","","","","","","","","",""
"ann_069_fa_18","""Necessary Particulars"" (Branscum)","2018","Fall","Print Techniques","N/A","""Necessary Particulars""_Annotation Branscum","1Jq7eqIqvPD9oXizlfq6liIkd6rDgiIF574-bgQtGWws","https://drive.google.com/open?id=1qCC0fiK2AzH_u9hHEH4-TVd4PlM201nb","https://docs.google.com/document/d/1Jq7eqIqvPD9oXizlfq6liIkd6rDgiIF574-bgQtGWws/edit?usp=drive_web&ouid=100869363858674371948","","","","Necessary Particulars: Philosophical Reflections on Making and Knowing with BnF Ms. Fr. 640","Branscum","N/A","N/A","","","","","","","","","","","","","","",""
"ann_070_fa_18","""Tin and its Uses,"" fol. 6v (Buckley)","2018","Fall","Print Techniques","Text_""Tin and its Uses,"" fol. 6v (Buckley)","AnnotationFall2018_Buckley_6v","1vTIaVkJUguS2kjZZA81nIhLNaeYsFsl1Kq0iPkH2yow","https://drive.google.com/open?id=1PsLMu_ABydeIGfr3rM-lVM3ensJxi261","https://docs.google.com/document/d/1vTIaVkJUguS2kjZZA81nIhLNaeYsFsl1Kq0iPkH2yow/edit?usp=sharing","","","","Tin and its Uses in Ms. Fr. 640","Buckley","6v","p006v_2","","","","","","","","","","","","","","",""
"ann_071_fa_18","Annotation_Camps","2018","Fall","Print Techniques","Text_""Black varnish for armor"", fol. 4v (Camps)","AnnotationFall2018_Camps_4v_Draft2","1oxHt-wplSkVKuZoJOB_1wi6K2ApsAr9ob1y3Zpu3PYg","https://drive.google.com/open?id=13h99gsOQex8iaWnSnCyVXtGgM1tb9j9g","https://docs.google.com/document/d/1oxHt-wplSkVKuZoJOB_1wi6K2ApsAr9ob1y3Zpu3PYg/edit?usp=sharing","","","","Black Varnish for Sword Guard, Bands of Trunks, etc.","Camps","4v","p004v_1","","","","","","","","","","","","","","",""
"ann_072_fa_18","""BnF Ms. Fr. 640 and The Jewell House of Art and Nature (1594),"" (Faulkner)","2018","Fall","Print Techniques","Text_“BnF Ms. Fr. 640 and The Jewell House of Art and Nature (1594)” (Faulkner)","AnnotationFall2018_Faulkner_BnF Ms. Fr. 640 and The Jewell House of Art and Nature (1594)","1KB8qk6Mhrh2GgIY19bJ-jfhWR8-EVISW94Iw_p7GRZQ","https://drive.google.com/open?id=1t81dMyy8N6GDsCkKKvBBztgPQXNLF3cv","https://docs.google.com/document/d/1KB8qk6Mhrh2GgIY19bJ-jfhWR8-EVISW94Iw_p7GRZQ/edit?usp=sharing","","","","BnF Ms. Fr. 640 and The Jewell House of Art and Nature (1594)","Faulkner","N/A","N/A","","","","","","","","","","","","","","",""
"ann_073_fa_18","""Letters and molded paper"" fol. 131r (Gokturk)","2018","Fall","Print Techniques","Text_""Letters and molded paper"" fol. 131r (Gokturk)","Text_Annotation Gokturk FINAL","1TZ4BjCjVJpgr_Q6MuNOBA6P4wbFbSx9Bfkq9SOPenkw","https://drive.google.com/open?id=1fVu_VRCxs7W0CjgGyUfY3xIE_-MRIvce","https://docs.google.com/document/d/1TZ4BjCjVJpgr_Q6MuNOBA6P4wbFbSx9Bfkq9SOPenkw/edit","","","","Letters and Molded Paper","Gokturk","131r","p131r_2","","","","","","","","","","","","","","",""
"ann_074_fa_18","""Polishing and Engraving Stones,"" fol. 11v and 13r (Jiang)","2018","Fall","Print Techniques","Text_""Polishing and Engraving Stones,"" fol. 11v and 13r (Jiang)","AnnotationFall2018_Jiang_11v&13r","1STrStymkHkdZpwYZyNg1jT_qzWwGeqf3dk2C24NOXxw","https://drive.google.com/open?id=1yqnKMxN9JqrEHQeWtihKNwKmHBwZptHL","https://docs.google.com/document/d/1STrStymkHkdZpwYZyNg1jT_qzWwGeqf3dk2C24NOXxw/edit?usp=sharing","","","https://drive.google.com/open?id=12yJXHmjg2nNfYBdoHTV1TfZ_FCQZYYK1sOLMHftijh8","Polishing and Engraving Stones","Jiang","11v;13r","p011v_4;p013r_3","","","","","","","","","","","","","","",""
"ann_075_fa_18","""What is Stone?"" (Jiang)","2018","Fall","Print Techniques","Text_""What is Stone?"" (Jiang)","AnnotationFall2018_Jiang_Stone","/1cXRvaDr1ksJCliFrZFtGvG5hz2N8ttHW0O1igKHbtFg","https://drive.google.com/open?id=1_PV7wN-7UGGTiy2680MIINiyfWu4QqfA","https://docs.google.com/document/d/1cXRvaDr1ksJCliFrZFtGvG5hz2N8ttHW0O1igKHbtFg/edit","","","","What is Stone in BnF Ms. Fr. 640?","Jiang","N/A","N/A","","","","","","","","","","","","","","",""
"ann_076_fa_18","""To Shrink an Object"", fol. 140v (Lim)","2018","Fall","Print Techniques","Text_""To Shrink an Object"", fol. 140v (Lim)","Final Draft AnnotationFall2018_Lim_140v","1EMu41zDdnMYsrmZKFIIZE_moIEB1k0rABa-6zTekwKk","https://drive.google.com/open?id=1s-R-Yo_NwISAZ2IAt7dkxsD4-EYXH4V2","https://docs.google.com/document/d/1EMu41zDdnMYsrmZKFIIZE_moIEB1k0rABa-6zTekwKk/edit","","","","To Shrink an Object: Bread molding in fol. 140v","Lim","140v","p140v_1;p140v_2","","","","","","","","","","","","","","",""
"ann_077_fa_18","""Wax for Seals,"" fols. 42r and 133r (Olson)","2018","Fall","Print Techniques","Text_""Wax for Seals,"" fols. 42r and 133r (Olson)","AnnotationFall2018_Olson_42r133r_v.4","14U1OdnnRSuavnvb02J5PlHHtXIyYYwI6c1pdOhRQgCc","https://drive.google.com/open?id=10vhj3imyImTEdke72FCY1tjYTFxMFBCv","https://docs.google.com/document/d/14U1OdnnRSuavnvb02J5PlHHtXIyYYwI6c1pdOhRQgCc/edit?usp=sharing","","","","Wax for Seal and Imprint and Hard Wax for Imprinting Seals","Olson","42r;133r","p042r_1;p133r_1","","","","","","","","","","","","","","",""
"ann_078_fa_18","""Pinking Satin,"" fol. 42v (Bertozzi)","2018","Fall","Print Techniques","Text_""Pinking Satin,"" fol. 42v (Bertozzi)","AnnotationFall2018_Bertozzi_42v_1","1bvC2L9MU21n3Ja4bB5ms4YO1rr7ushZKrdlaletYvic","https://drive.google.com/open?id=17kmJoBxnwYVfaDWBYSGEKvbEpjial7X5","https://drive.google.com/open?id=1bvC2L9MU21n3Ja4bB5ms4YO1rr7ushZKrdlaletYvic","","","","Pinking Satin","Bertozzi","42v","p042v_1","","","","","","","","","","","","","","",""