folio,div_id,heading_tc,heading_tcn,heading_tl,category,add-cat-1,add-cat-2
001r,p001r_1,,,,lists,,
001r,p001r_2,,,,lists,,
001r,p001r_4,,,,lists,,
001r,p001r_5,,,,lists,,
001v,p001v_1,Pour lascher le ventre,Pour lascher le ventre,For easing the belly,medicine,,
002r,p002r_1,Livres a recouvrer,Livres à recouvrer,Books to recover,lists,,
002r,p002r_2,Contre douleurs,Contre douleurs,Against pains,medicine,,
002v,p002v_1,,,,lists,,
002v,p002v_2,esmeraldes de Brissac,Esmeraldesde Brissac,Emeralds of Brissac,stones,,
002v,p002v_3,safir,Safir,Sapphire,stones,,
003r,p003r_1,Coral contrefaict,Coral contrefaict,Counterfeit coralc_003r_02,stones,,
003r,p003r_2,Vernis pour tableaulx,Vernis pour tableaulx,Varnish for panels,varnish,,
003r,p003r_3,Gros vernis pour le plancher,Gros vernis pour le plancher,Thick varnish for planks,varnish,,
003v,p003r_3,,,,varnish,,
003v,p003v_1,Pour vernir,Pour vernir,For varnishing,varnish,,
004r,p004r_1,Vernis dhuile daspic,Vernis d’huile d’aspic,Varnish of spike lavender oil,varnish,,
004r,p004r_2,Pour oster le vernis dun vieulx tableau qui est jaunastre & le vernir de nouveauc_004r_01,Pour oster le vernis d’un vieulx tableau qui est jaunastre & le vernir de nouveau,For removing varnish from an old panel that has yellowed & varnishing it anew,varnish,,
004v,p004v_1,Vernis noir pour garde despee bandes de bahus &,"Vernis noir pour garde d’espée, bandes de bahus &c.","Black varnish for sword guard, bands for trunks, &c.",varnish,arms and armor,
004v,p004v_2,Vernis noir sans fœu sans demonter les harnois ou deffaire les bandes des bahus,"Vernis noir sans fœu, sans demonter les harnois ou deffaire les bandes des bahus","Black varnish without fire, without disassembling the harnessesc_004v_02 or removing the bands from trunks",varnish,,
004v,p004v_3,Vernis des graveurs sur le fer,Vernis des graveurs sur le fer,Varnish of iron etchers,varnish,,
005r,p004v_3,,,,,,
005r,p005r_1,Mirouers dacier,Mirouers d’acier,Steel mirrors,casting,metal process,practical optics
005r,p005r_2,Mirouers concave,Mirouers concave,Concave mirrors,practical optics,,
005v,p005r_2,,,,,,
005v,p005v_1,Pour bronser de blanc et jaulne,Pour bronser de blanc et jaulne,For bronzing in yellow and white,metal process,decorative,
006r,p006r_1,Pour poser et assoir dor bruny et donner rouge ou verd ou bleud,Pour poser et assoir d’or bruny et donner rouge ou verd ou bleud,For laying down and setting burnished gold and giving red or green or blue,painting,,
006v,p006v_1,Pour ga cach cagesc_006v_01,Pour ga cach cages,For ga cachcages,glass process,,
006v,,,,,,,
006v,p006v_2,Pour stampes a embellir et incruster ou revestir le bord des mirouers ou dessus de coffres ou frises des pantes de lict,Pour stampes à embellir et incruster ou revestir le bord des mirouers ou dessus de coffres ou frises des pantes de lict,"For stampingsc_006v_03 to embellish and encrust or cover the edges of mirrors, the tops of chests, or the friezes of bed valances",decorative,household and everyday life,
007r,p007r_1,Pour dorer dor couleur et dor bel,Pour dorer d’or couleur et d’or bel,For gilding with gold color and tinsel,painting,,
007r,p007r_2,Pour colorer bahus stampes,Pour colorer bahus stampés,For coloring stamped trunks,decorative,painting,varnish
007r,p007r_3,Doublets,Doublets,Doublets,stones,,
007r,p007r_4,Colle de poisson ou usblac et colle de bouche,Colle de poisson ou usblac et colle de bouche,Fish glue or isinglass and mouth glue,tool,,
007v,p007v_1,Pour donner couleur de toute sorte de metaulx au boys & aultre chose,Pour donner couleur de toute sorte de metaulx au boys & aultre chose,For giving the color of all kinds of metals to wood & other things,wood and its coloring,,
007v,p007v_2,Contre la colique venteuse,Contre la colique venteuse,Against windy colic,medicine,,
007v,p007v_3,Pour oster la douleur de la gouttec_007v_05,Pour oster la douleur de la goutte,For relieving the pain of goutc_007v_01,medicine,,
007v,p007v_4,Contre gonhorrea,Contre gonhorrea,Against gonorrheac_007v_02,medicine,,
008r,p008r_1,Lettre dor sur papier,Lettre d’or sur papier,Lettering of gold on paper,painting,,
008r,p008r_2,Pour rompre grenades et donner violence aux artifices de fœu,Pour rompre grenades et donner violence aux artifices de fœu,For bursting grenades and giving force to fireworksc_008r_01,arms and armor,,
008r,p008r_3,Trempe de balle pour fausser armes a preuve,Trempe de balle pour fausser armes a preuve,Tempering of balls for piercing armor of proofc_008r_02,arms and armor,,
008r,p008r_4,Pour de nuict fayre bresche en une muraille,Pour de nuict fayre bresche en une muraille,For making a breach in a wall by night,arms and armor,,
008v,p008v_1,Polissement du ruby balay,Polissement du ruby balay,Polishing of the balas ruby,stones,,
008v,p008v_2,Or et argent moulu,Or et argent moulu,Or and argent moulu,painting,,
008v,p008v_3,Polissement de pierres,Polissement de pierres,Polishing of stones,stones,,
008v,p008v_4,Mixtion des pintiers,Mixtion des pintiers,Mixture of Pewterers,casting,,
008v,p008v_5,Amalgame parfaict,Amalgame parfaict,Perfect amalgam,casting,,
009r,p009r_1,Laboureur,Laboureur,Plowman,cultivation,,
009r,p009r_2,Painctre,Painctre,Painter,painting,,
009r,p009r_3,Marchant,Marchant,Merchant,merchants,,
009v,p009v_1,Painctre,Painctre,Painters,painting,,
009v,p009v_2,Marchant,Marchant,Merchant,merchants,,
009v,p009v_3,Brouillart,Brouillart,Waste book,merchants,,
010r,p010r_1,Jaspe contrefaict,Jaspe contrefaict,Counterfeitc_003r_02 jasper,stones,decorative,
010r,p010r_2,Scudegrun,Scudegrun,Stil de grain yellow,painting,,
010r,p010r_3,Roses,Roses,Roses,decorative,,
010r,p010r_4,Couleur de pourpres,Couleur de pourpres,Purple color,painting,,
010r,p010r_5,Pouldre dhorloges de sable,Pouldre d’horloges de sable,Powder for sand glasses,metal process,household and everyday life,
010v,p010v_1,Pour paindre a huile sur taffetas sans que lhuile coure,Pour paindre à huile sur taffetas sans que l’huile coure,For painting in oil on taffeta without the oil running,painting,,
010v,p010v_2,Assiete dor de fœuille sur parchemin ou papier,Assiete d’or de fœuille sur parchemin ou papier,Ground for gold leaf on parchment or paper,painting,,
010v,p010v_3,Pour nettoyer lor de fœille pose sur le fer,Pour nettoyer l’or de fœille posé sur le fer,For cleaning gold leaf applied to iron,metal process,painting,
010v,p010v_4,Pour blanchir la ceruse,Pour blanchir la ceruse,For whitening ceruse,painting,,
011r,p011r_1,Paindre a huile desmail dazur,Paindre à huile d’esmail d’azur,Painting esmail d’azur in oil,painting,,
011v,p011v_1,Couleur dacier de damas sur costeaulx,Couleur dacier de damas sur costeaulx,Color of damascene steel on knives,metal process,,
011v,p011v_2,Pour oster la rougeur des yeulx ou la meurtrisseure,Pour oster la rougeur des yeulx ou la meurtrisseure,For getting rid of the redness of eyes or bruising,medicine,,
011v,p011v_3,Pour coucher dor mat,Pour coucher d’or mat,For coating with or mat,painting,,
011v,p011v_4,Pour poinctes de diamants a graver,Pour poinctes de diamants à graver,For diamond points for engraving,tool,stones,
011v,p011v_5,Roue de cuivre a polir,Roue de cuivre à polir,Polishing wheel of copper,stones,,
012r,p012r_1,Pour mouler de soufre,Pour mouler de soufre,For molding sulfur,casting,,
012r,p012r_2,Chimolee,Chimolée,Chimolée,casting,,
012r,p012r_3,Papier,Papier,Paper,casting,,
012r,p012r_4,Plastre,Plastre,Plaster,casting,,
012v,p012v_1,Mouler le stuc promptement,Mouler le stuc promptement,Molding stucco promptly,casting,,
012v,p012v_2,Nettoyer perles jaulnes,Nettoyer perles jaulnes,Cleaning yellow pearls,stones,,
012v,p012v_3,Pour blanchir enilanroc,Pour blanchir enilanroc,For whitening enilanroc,stones,,
013r,p012v_3,,,,,,
013r,p013r_1,Carnation darsenic,Carnation d’arsenic,Carnation from arsenic,painting,,
013r,p013r_2,Pour taindre,Pour taindre,For dyeing,dyeing,,
013r,p013r_3,Polissement de pierres,Polissement de pierres,Polishing of stones,stones,,
013r,p013r_4,Tamis fins de soye creue,Tamis fins de soye creue,Fine sieves of raw silk,tool,,
013v,p013r_4,,,,,,
013v,p013v_1,Pour cognoistre la bonne cendree dazur a huile,Pour cognoistre la bonne cendrée d’azur à huile,For knowing the good cendréec_013v_04 of azure for oil,painting,,
013v,p013v_2,Blanchiment de perles,Blanchiment de perles,Whitening of pearls,stones,household and everyday life,
013v,p013v_3,Crapaudine,Crapaudine,Toadstone,medicine,,
013v,p013v_4,Serpens,Serpens,Snakes,casting,,
013v,p013v_5,Chandelles,Chandelles,Candles,tool,household and everyday life,
014r,p014r_1,Pour murailles de terre et bastiment rustique,Pourc_014r_01 murailles de terre et bastiment rustique,Forc_014r_01 walls of earth and rustic construction,household and everyday life,,
014v,,,,,,,
015r,p015r_1,Drap damasse,Drap damassé,Damasked cloth,dyeing,,
015r,p015r_2,Gecter en fonte,Gecter en fonte,Foundry casting,casting,,
015r,p015r_3,Gecter or et argent,Gecter or et argent,Casting gold and silver,casting,,
015v,p015v_1,Tablettes,Tablettes,Tablets,wood and its coloring,decorative,tool
015v,p015v_2,Lettre plus lisable,"Lettre, plus lisable","Letter, more legible",practical optics,,
015v,p015v_3,Stamper,Stamper,Stamping,decorative,metal process,
015v,p015v_4,Ramolir la corne,Ramolir la corne,Softening horn,tool,decorative,
015v,p015v_5,Oreilles,Oreilles,Ears,medicine,,
015v,p015v_6,Mal des dents,Mal des dents,Tooth ache,medicine,,
016r,p016r_1,Fonte de fer doux,Fonte de fer doux,Founding of doux iron,metal process,,
016r,,,,,,,
016r,,,,,,,
016v,p016r_1,,,,,,
016v,p016v_1,Contre Gonorrhee,Contre Gonorrhée,Against Gonorrhea,medicine,,
016v,p016v_2,Pour oster le menu poil du front,Pour oster le menu poil du front,For removing fine hair from the forehead,medicine,,
016v,p016v_3,Soye,Soye,Silk,dyeing,,
016v,p016v_4,Garder oranges,Garder oranges,Keeping oranges,preserving,,
016v,p016v_5,Chandelles,Chandelles,Candles,household and everyday life,,
017r,p017r_1,Du canonier,Du canonier,On the gunner,arms and armor,,
017v,p017r_1,,,,,,
018r,p017r_1,,,,,,
018v,p017r_1,,,,,,
019r,p017r_1,,,,,,
019v,p019v_1,Figures de mathematique sans regle et compas,Figures de mathematique sans regle et compas,Mathematical figures without ruler and compass,painting,,
019v,p019v_2,P Pour escripre a gaulche aussi bien qua la droicte,PPour escripre à gaulche aussi bien qu’à la droicte,PFor writing as well from the left as from the right,painting,,
019v,p019v_3,Clisteres,Clisteres,Enemas,medicine,,
020r,p020r_1,Pourc_020r_01 faire lesMillas,Pour faire les millas,For making millas,household and everyday life,,
020r,p020r_2,Vitrier,Vitrier,Glassworker,glass process,,
020v,p020v_1,Blanchir la face,Blanchir la face,For whitening the face,medicine,,
020v,p020v_2,Contre les ventosites colique &c,"Contre les ventosités, colique, &c","Against winds, colic, &c.",medicine,,
020v,p020v_3,Eschervis racine,Eschervis racine,Skirret root,cultivation,,
020v,p020v_4,Contre brusleure,Contre brusleure,Against burn,medicine,,
020v,p020v_5,Commun dire,Commun dire,Common saying,household and everyday life,,
020v,p020v_6,Forme de regime,Forme de regime,A form of regimen,medicine,,
021r,p021r_1,Canonier,Canonier,Gunner,arms and armor,,
021r,p021r_2,Pour tirer de nuict dun canon,Pour tirer de nuict d’un canon,For firing a cannon at night,arms and armor,practical optics,
021v,p021r_2,,,,,,
021v,p021v_1,Pour desenclouer un canon,Pour desenclouer un canon,For unspiking a cannon,arms and armor,,
021v,p021v_2,Deffense dune ville,Deffense d’une ville,Defense of a town,arms and armor,,
022r,p022r_1,,,,arms and armor,,
022v,p022v_1,Orgues,Orgues,Orgues,arms and armor,,
023r,p023r_1,,, ,,,
023v,p023r_1,,,,,,
023v,p023v_1,,,,,,
024r,p024r_1,Grenades,Grenades,Grenades,arms and armor,,
024v,p024v_1,Pour mener le canon en pays,Pour mener le canon en pays,For bringing a cannon over land,arms and armor,,
024v,p024v_2,,,,,,
024v,p024v_3,,,,,,
024v,p024v_4,,,,,,
025r,p024v_1,,,,,,
025v,p025v_1,Canonier,Canonier,Gunner,arms and armor,,
026r,p026r_1,,Balle de canon,,arms and armor,,
026r,p026r_2,Mortier,Mortier,Petard,arms and armor,,
026v,p026v_1,,Balle de couleuvrine,,arms and armor,,
027r,p027r_1,,"
Balle de bastarde",,arms and armor,,
027r,p027r_2,,Balle de moyene,,arms and armor,,
027v,p027r_3,,Piece de campagne ,,arms and armor,,
,p027v_1,,Faulconeau,,arms and armor,,
,p027v_2,,Faulconeau de 4 quintals autrement passevolants tire 8 pans,,arms and armor,,
,p027v_3,,3 quintals tire de long 9 pans,,arms and armor,,
,p027v_4,,2 quintals tire de long une cane qui sont 8 pans de monpelier,,arms and armor,,
,p027v_5,,1 quintal tire six pans et demy,,arms and armor,,
,p027v_6,,1 quintal et demy tire 7 pans et demy,,arms and armor,,
,p027v_7,,mousquet de 60 livres tire 5 pans de long ou 6,,arms and armor,,
,p027v_8,,5 quintals tire onze pans et demy,,arms and armor,,
028r,p028r_1,La mesure du qualibre des pieces,La mesure du qualibre des pieces,The measure of the caliber of pieces,arms and armor,,
028v,p028v_1,Pintiers,Pintiers,Pewterers,casting,,
029r,p029r_1,Stuc pour mouler,Stuc pour mouler,Stucco for molding,casting,,
029v,p029v_1,Couleur dor sans or sur largent,Couleur d’or sans or sur l’argent,Color of gold without gold on silver,varnish,,
029v,p029v_2,Couche dor bruny sur le papier,Couche d’or bruny sur le papier,Layer of burnished gold on paper,painting,,
029v,p029v_3,Oster taches,Oster taches,Removing stains,household and everyday life,,
029v,p029v_4,Assiete dor,Assiete d’or,Ground for gold,painting,,
029v,p029v_5,Extraction dhuiles,Extraction d’huiles,Extraction of oils,painting,,
029v,p029v_6,Sang de dragon,Sang de dragon,Dragon’s blood,painting,,
030r,p030r_1,Plomb,Plomb,Lead,metal process,practical optics,
030r,p030r_2,Pintier,Pintier,Pewterer,casting,,
030v,p030r_2,,,,,,
031r,p030r_2,,,,,,
031r,p031r_1,Nouvelle vigne,Nouvelle vigne,New vine,cultivation,,
031r,p031r_2,Eaulx coulourees,Eaulx coulourees,Colored waters,metal process,,
031r,p031r_3,Vernis durant a leau,Vernis durant à l’eau,Varnish resistant to water,varnish,,
031r,p031r_4,Fruict de sucre,Fruict de sucre,Fruit made from sugar,painting,household and everyday life,
031v,p031v_1,Painctre,Painctre,Painter,painting,,
031v,p031v_2,Broisses,Broisses,Brushes,painting,,
031v,p031v_3,Paindre au naturel,Paindre au naturel,Painting from nature,painting,,
031v,p031v_4,Paindre daprest,Paindre d’aprest,Painting on glass,painting,glass process,
032r,p032r_1,Corps de cuirasse,Corps de cuirasse,The body of the cuirass,arms and armor,,
032r,p032r_2,Painctre,Painctre,Painter,painting,varnish,
032r,p032r_3,Pour coucher lor a destrempe,Pour coucher l’or à destrempe,For layering gold in distemper,painting,,
032v,p032v_1,Faiseur de natte,Faiseur de natte,Mat maker,dyeing,household and everyday life,
032v,p032v_2,Vitrier,Vitrier,Glassworker,glass process,,
032v,p032v_3,Fondeur,Fondeur,Founder,casting,,
033r,p033r_1,Cousteau pour couper le nes ou un doict,Cousteau pour couper le nes ou un doict,Knife for cutting the nose or a finger,tricks and sleight of hand,,
033r,p033r_2,Pour rallumer une chandelle estainte entre les mains sans soufler,Pour rallumer une chandelle estainte entre les mains sans soufler,For relighting an extinguished candle between your hands without blowing,tricks and sleight of hand,,
033v,p033v_1,Pour fayre sembler que a quelquun quil aura une piece dargent au front,Pour fayre sembler que à quelqu’un qu’il aura une piece d’argent au front,For making it seem that to someone that he has a piece of silver on his forehead,tricks and sleight of hand,,
033v,p033v_2,Pour fayre sortir du front de quelquun du sang ou du vin ou dune muraille,"Pour fayre sortir du front de quelqu’un du sang ou du vin, ou d’une muraille",For making blood or wine issue from someone’s forehead or from a wall,tricks and sleight of hand,,
034r,p034r_1,Pour dire a quelquun que mettant tenant le doit tousjours au front tu lempescheras de sortir dune chambre,"Pour dire à quelqu’un que, mettant tenant le doit tousjours au front, tu l’empescheras de sortir d’une chambre","For telling someone that by putting holding a finger to his forehead, you will prevent him from exiting a chamber",tricks and sleight of hand,,
034r,p034r_2,XGaiger a quelqueun que se promenant jusques a tel lieu et en revenir il ne dira point quattre fois de suite botte sans esperon,"XGaiger a quelque’un que se promenant jusques à tel lieu et en revenir, il ne dira point quattre fois de suite botte sans esperon","XWager someone e that walking to a certain place and back, he cannot say boot without spurs four times in a row",tricks and sleight of hand,,
034r,p034r_3,Faire tenir un chandellier contre la muraille sans y fayre trou,Faire tenir un chandellier contre la muraille sans y fayre trou,For making a candlestick hold to the wall without making a hole in it,tricks and sleight of hand,,
034r,p034r_4,XNe casser point un verre dune busche ou dun gros baston,XNe casser point un verre d’une busche ou d’un gros baston,XHow not to break a glass with a log or a large stick,tricks and sleight of hand,,
034r,p034r_5,Escripre subtillement,Escripre subtillement,Writing cunningly,tricks and sleight of hand,,
034v,p034v_1,Pour fayre fondre ou transmuer une bague mise dans une boitte,Pour fayre fondre ou transmuer une bague mise dans une boitte,For melting or transmuting a jewel put inside a box,tricks and sleight of hand,,
035r,p035r_1,Pour dire a quelquun que tu luy monstreras enseigneras une chose quil ne scait pas ne toy aussy,Pour dire a quelqu’un que tu luy monstreras enseigneras une chose qu’il ne sçait pas ne toy aussy,"For telling someone that you will show teach him something he does not know, and neither do you",tricks and sleight of hand,,
035r,p035r_2,Pour fayre soubstenir un seau deau sur la poincte couchee de trois cousteaulx sans toucher a terre,Pour fayre soubstenir un seau d’eau sur la poincte couchée de trois cousteaulx sans toucher à terre,For supporting a bucket of water on the tips of three knives laid down without touching the ground,tricks and sleight of hand,,
035r,p035r_3,Pour faire bouillir sans fœu dans de leau froide un œuf,Pour faire bouillir sans foeu dans de l’eau froide un oeuf,For boiling an egg in cold water without fire,tricks and sleight of hand,,
035r,p035r_4,Pour faire sortir les connils dun terrier,Pour faire sortir les connils d’un terrier,For making rabbits come out of a burrow,household and everyday life,tricks and sleight of hand,
035v,p035v_1,Pour garder quelquun de ne manger dune viande,Pour garder quelqu’un de ne manger d’une viande,For preventing someone from eating a foodstuff,tricks and sleight of hand,,
035v,p035v_2,Pour fayre transmuer du bled dun vaisseau a aultre,Pour fayre transmuer du bled d’un vaisseau à aultre,For transmuting grain from one vessel to another,tricks and sleight of hand,,
036r,p035v_2,,,,,,
036r,p036r_1,Pour fayre transmuer une boule en un de a couldre subtil,"Pour fayre transmuer une boule en un dé à couldre, subtil","For transmuting a ball into a thimble, cunning",tricks and sleight of hand,,
036v,p036v_1,Fondeur,Fondeur,Founder,casting,,
036v,p036v_2,Four a vent,Four à vent,Four à vent,casting,,
036v,p036v_3,Verre de vitriers,Verre de vitriers,Glassworkers’ glass,glass process,,
037r,p037r_1,Fondeur,Fondeur,Founder,casting,,
037r,p037r_2,Medecine pour lestomach qui leschaufe et desopile le foye,Medecine pour l’estomach qui l’eschaufe et desopile le foye,Medicine for the stomach which heats it and unstops the liver,medicine,,
037r,p037r_3,Fœilles pour le les pierreries,Fœilles pour le les pierreries,Foil backings for the gemstones,stones,,
037r,p037r_4,Pour garder que les chandelles ne degoutent et les fayre blanches,Pour garder que les chandelles ne degoutent et les fayre blanches,For keeping candles from dripping and making them white,household and everyday life,,
037v,p037v_1,Jardinier,Jardinier,Gardener,cultivation,,
037v,p037v_2,Vitrier,Vitrier,Glassworker,glass process,,
037v,p037v_3,Ambre jaulne,Ambre jaulne,Yellow Amber,stones,,
038r,p038r_1,Saphir,Saphir,Sapphire,stones,,
038r,p038r_2,Safran,Safran,Saffron,dyeing,,
038r,p038r_3,Saphir,Saphir,Sapphire,stones,,
038r,p038r_4,Ambre,Ambre,Amber,stones,,
038v,p038v_1,Couleur noire pour taindre,Couleur noire pour taindre,Black color for dyeing,dyeing,,
038v,p038v_2,Contre seignee du nes et pour taincture,Contre seignee du nés et pour taincture,Against nose bleeding and for dyeing,medicine,dyeing,
038v,p038v_3,Beaulx artichaulx,Beaulx artichaulx,Beautiful artichokes,cultivation,,
038v,p038v_4,Planter abres,Planter abres,Planting trees,cultivation,,
038v,p038v_5,Marchant,Marchant,Merchant,merchants,,
038v,p038v_6,Escarlates,Escarlates,Scarlets,dyeing,,
039r,p039r_1,Orfevre,Orfevre,Goldsmith,casting,metal process,
039r,p039r_2,Pastel,Pastel,Pastel woad,cultivation,dyeing,
039v,p039v_1,Esmail,Esmail,Enamel,painting,,
039v,p039v_2,Couleurs sur verre denlumineure,Couleurs sur verre d’enlumineure,Colors for illumination on glass,painting,glass process,
039v,p039v_3,Trasser sur le verre quelque histoire,Trasser sur le verre quelque histoire,Tracing some history on glass,painting,glass process,
040r,p039v_3,,,,,,
040r,p040r_1,Taincture,Taincture,Dye,dyeing,,
040r,p040r_2,Eau fort,Eau fort,Aquafortis,corrosives,,
040r,p040r_3,Vinaigre,Vinaigre,Vinegar,household and everyday life,,
040r,p040r_4,Boutons de vermeilles,Boutons de vermeilles,Buttons of vermeilles,metal process,,
040r,p040r_5,Grottes,Grottes,Grottos,decorative,,
040v,p040v_1,Croix des commandeurs de malte,Croix des commandeurs de Malte,Cross of the commanders of Malta,painting,,
040v,p040v_2,Letton et calamine,Letton et calamine,Latten and calamine,metal process,,
040v,p040v_3,Metal,Metal,Metal,metal process,,
040v,p040v_4,Eau fort,Eau fort,Aquafortis,corrosives,,
041r,p041r_1,Terre de gect pour les fondeurs,Terre de gect pour les fondeurs,"Earth for casting, for founders",casting,,
041r,p041r_02,Lis de jardin,Lis de jardin,Garden lilly,cultivation,,
041r,p041r_03,Sable,Sable,Sand,casting,,
041r,p041r_04,Canards,Canards,Ducks,animal husbandry,household and everyday life,
041v,p041v_1,Noir des vitriers,Noir des vitriers,Glassworkers’ black,painting,,
041v,p041v_2,Brebis tondues,Brebis tondues,Sheared ewes,animal husbandry,household and everyday life,
041v,p041v_3,Couleurs et doreure sur le verre,Couleurs et doreure sur le verre,Colors and gilding on glass,painting,glass process,
042r,p042r_1,Fondeur,Fondeur,Founder,casting,,
042r,p042r_2,Cire a cachet et empraincte,Cire à cachet et empraincte,Wax for seal and imprint,wax process,,
042r,p042r_3,Pour gecter de plastre,Pour gecter de plastre,For casting in plaster,casting,,
042v,p042v_1,Poncis pour esgratigner sur le satin,Poncis pour esgratigner sur le satin,Pounced design for scratching satin,painting,household and everyday life,
042v,p042v_2,Toile pour paindre a huile sans se rompre,Toile pour paindre à huile sans se rompre,Canvas for painting in oil without breaking,painting,,
042v,p042v_3,paindre a huile sur taffetas qui,Paindre à huile sur taffetas qui,Painting inoil on taffetawhich,painting,,
042v,p042v_4,Sable de gect,Sable de gect,Sand for casting,casting,,
042v,p042v_5,Pour pourfiler un portraict,Pour pourfiler un portraict,For outlining a portrait,painting,,
042v,p042v_6,Vernis blanc sur le plastre,Vernis blanc sur le plastre,White varnish on plaster,varnish,painting,
043r,p043r_1,Mericotons et pavis,Mericotons et pavis,Mericotons and pavis,cultivation,,
043r,p043r_2,Bronzure blanche sur plastre,Bronzure blanche sur plastre,White bronzing on plaster,painting,varnish,
043r,p043r_3,Purpurine,Purpurine,Purpurine,painting,metal process,varnish
043r,p043r_4,Bronzure blanche,Bronzure blanche,White bronzing,painting,,
043v,p043v_1,Vin diversifie et transmue,Vin diversifié et transmué,Varied and transmuted wine,tricks and sleight of hand,,
043v,p043v_2,Perles,Perles,Pearls,stones,,
043v,p043v_3,Harquebusier,Harquebusier,Arquebusier,arms and armor,,
043v,p043v_4,Dragee dharquebus,Dragee d’harquebus,Hail shot of the arquebus,arms and armor,,
044r,p044r_1,Portee dharquebus,Portée d’harquebus,The range of an arquebus,arms and armor,,
044r,p044r_2,Pintier,Pintier,Pewterer,casting,,
044r,p044r_3,Harquebus,Harquebus,Arquebus,arms and armor,,
044r,p044r_4,Laque,Laque,Lake,painting,,
044r,p044r_5,Taincture de fleurs,Taincture de fleurs,Dyes from flowers,dyeing,,
044v,p044v_1,Tamis de poil de cheval,Tamis de poil de cheval,Horsehair sieves,tool,,
044v,p044v_2,Excellente eau contre la peste / de monsieur de montorsin,"Excellente eau contre la peste, de monsieur de Montorsin",Excellent water against the plague by Monsieur de Montorsin,medicine,,
044v,p044v_3,Huile blanc somnifere,Huile blanc somnifere,White soporific oil,medicine,,
044v,p044v_4,Stuc,Stuc,Stucco,stones,,
045r,p045r_1,Charger arquebus de dragee,Charger arquebus de dragée,Loading an arquebus with hail shot,arms and armor,,
045v,p045v_1,Charger arquebus,Charger arquebus,Loading an arquebus,arms and armor,,
045v,p045v_2,Pour adjouster un canon faulce,Pour adjouster un canon faulcé,For adjusting a crooked cannon,arms and armor,,
046r,p046r_1,Pour les dents huile de soufre,"Pour les dents, huile de soufre","For the teeth, oil of sulfur",medicine,,
046r,p046r_2,Huile de froment,Huile de froment,Wheat oil,medicine,,
046r,p046r_3,Contre mal caducq,Contre mal caducq,Against the falling sickness,medicine,,
046r,p046r_4,Contre goutes froides,Contre goutes froides,Against cold gouts,medicine,,
046r,p046r_5,Go Fleurs dabres,Go Fleurs d’abres,GoFlowers of trees,cultivation,,
046v,p046v_1,Escrivain huile de soufre,"Escrivain, huile de soufre","Scribe, Oil of sulfur",corrosives,,
046v,p046v_2,Cordonnier,Cordonnier,Shoemaker,corrosives,decorative,
046v,p046v_3,Effacer lettre,Effacer lettre,Erasing a letter,corrosives,,
046v,p046v_4,Escripre sans ancre,Escripre sans ancre,Writing without ink,corrosives,,
046v,p046v_5,Faire lettre a jour sur papier et aultre ouvrage,Faire lettre à jour sur papier et aultre ouvrage,Making a letter à jour on paper and other work,corrosives,,
046v,p046v_6,Faire brusler les bottes a quelquun,Faire brusler les bottes à quelqu’un,Making someone’s boots burn,corrosives,,
046v,p046v_7,Sur pierre lettre noire,"Sur pierre, lettre noire","On stone, black letters",corrosives,stones,
047r,p047r_1,Pour les dents,Pour les dents,For teeth,medicine,,
047r,p047r_2,Huile dantimoine,Huile d’antimoine,Antimony oil,metal process,,
047r,p047r_3,Contre mal caducq ou vertige,Contre mal caducq ou vertige,Against falling sickness or vertigo,medicine,,
047r,p047r_4,Creusets,Creusets,Crucibles,metal process,,
047r,p047r_5,Contre diarrhœe et dysentherie,Contre diarrhœe et dysentherie,Against diarrhea and dysentery,medicine,,
047v,p047v_1,Boisson ayant goust de vin,Boisson ayant goust de vin,A drink having a taste of wine,tricks and sleight of hand,,
047v,p047v_2,Fonte,Fonte,Founding,metal process,,
047v,p047v_3,Creusets,Creusets,Crucibles,metal process,,
047v,p047v_4,Gect,Gect,Cast,casting,,
048r,p048r_1,Fondeur,Fondeur,Founder,metal process,,
048r,p048r_2,Guerir les chiens de la galle,Guerir les chiens de la galle,Curing dogs of mange,medicine,,
048r,p048r_3,Excellente moustarde,Excellente moustarde,Excellent mustard,household and everyday life,,
048r,p048r_4,Garder oiseaulx et animaulx,Garder oiseaulx et animaulx,Keeping birds and animals,preserving,,
048v,p048v_1,Extraction de regulus,Extraction de regulus,Extraction of regulus,metal process,,
048v,p048v_2,Plomb Estaim,"Plomb, estaim","Lead, tin",metal process,casting,
049r,p049r_1,Gect de plomb,Gect de plomb,Casting of lead,casting,,
049r,p049r_2,Sable pour gect de plomb,Sable pour gect de plomb,Sand for lead casting,casting,,
049r,p049r_3,Aultre,Aultre,Another,casting,,
049r,p049r_4,Pintiers,Pintiers,Pewterers,metal process,,
049v,p049v_1,Oyseaulx,Oyseaulx,Birds,animal husbandry,,
049v,p049v_2,Graine de plomb,Graine de plomb,Grain of lead,metal process,,
049v,p049v_3,Oyseaulx,Oyseaulx,Birds,animal husbandry,,
050r,p050r_1,Garder fruict tout lan,Garder fruict tout l’an,Keeping fruit for the entire year,preserving,cultivation,
050r,p050r_2,Mouler,Mouler,Molding,casting,,
050v,p050v_1,Oysillons,Oysillons,Small birds,animal husbandry,,
050v,p050v_2,Acier corroye et limes,Acier corroyé et limes,Curried steel and files,tool,,
051r,p051r_1,Contretirer,Contretirer,Counterproofing,printing,,
051r,p051r_2,Tailleurs en planches,Tailleurs en planches,Cutters of printing plates,printing,,
051v,p051r_2,,,,,,
052r,p052r_1,œuvre faicte en Argel,Oeuvre faicte en Argel,The work done in Algiers,cultivation,alchemy,
052v,p052r_1,,,,,,
052v,p052v_1,Lin,Lin,Linseed,cultivation,,
052v,p052v_2,Couleurs,Couleurs,Colors,painting,,
053r,p053r_1,Soulder un estocc_053r_04,Soulder un estocc_053r_04,Soldering a estocc_053r_04,tool,,
053r,p053r_2,Cuivre,Cuivre,Copper,metal process,,
053r,p053r_3,Gect de plomb,Gect de plomb,Casting of lead,casting,,
053r,p053r_4,Mouler de papier,Mouler de papier,Molding of Paper,casting,,
053r,p053r_5,Amendiers abricots,"Amendiers, abricots","Almond trees, apricots",cultivation,,
053r,p053r_6,Gect de plomb et cuivre,Gect de plomb et cuivre,Lasting of lead and copper,casting,,
053v,p053v_1,Vers de soye,Vers de soye,Silkworms,cultivation,animal husbandry,
054r,p053v_1,,,,,,
054v,p054v_1,,,,preserving,,
054v,p054v_2,Pour fayre suivre un cheval,Pour fayre suivre un cheval,For making a horse to follow,animal husbandry,,
054v,p054v_3,Chiens,Chiens,Dogs,household and everyday life,,
054v,p054v_4,Pour desguiser un cheval,Pour desguiser un cheval,For disguising a horse,tricks and sleight of hand,animal husbandry,
054v,p054v_5,Bottes de foin,Bottes de foin,Boots of hay,household and everyday life,,
055r,p055r_1,Pour tirer dun schioppo senza rumore,Pour tirer d’un schioppo senza rumore,For firing a schioppo senza rumorec_055r_04,arms and armor,,
055r,p055r_2,Pour tremper bale qui faulcera et sera de difficile guarison,Pour tremper bale qui faulcera et sera de difficile guarison,For tempering a ball that will pierce and will make healing difficult,arms and armor,,
055r,p055r_3,Contre playes,Contre playes,Against wounds,medicine,,
055r,p055r_4,Onenev elbirro tnaut is no ehcram rus enu elbat uo ueirse ueirtse,Onenev elbirroc_055r_03 tnaut is no ehcram rus enu elbat uo ueirse ueirtse,Onenev elbirroc_055r_05 hcihwc_055r_03 sllik fi eno spets no a draob ro a ueirse purrits,medicine,,
055v,p055r_4,,,,,,
055v,p055v_1,Aultre pour les eaulx,Aultre pour les eaulx,Another for waters,medicine,metal process,
055v,p055v_2,Acier de damas,Acier de damas,Damascus steel,metal process,,
055v,p055v_3,Pour cognoistre le chemin quon faict en plaine mer,Pour cognoistre le chemin qu’on faict en plaine mer,For knowing the course one takes on the open sea,household and everyday life,,
055v,p055v_4,Pour gect,Pour gect,For casting,casting,,
056r,p056r_1,Trempe excellente pour corps de cuirasse,Trempe excellente pour corps de cuirasse,Excellent tempering bath for the body of cuirasses,metal process,,
056r,p056r_2,Vernis pour destrempe,Vernis pour destrempe,Varnish for distemper,varnish,,
056v,p056v_1,Painctre,Painctre,Painter,painting,varnish,
057r,p056v_1,,,,,,
057v,p057v_1,Gainier,Gainier,Sheath maker,arms and armor,,
057v,p057v_2,Painctre,Painctre,Painter,painting,,
058r,p057v_2,,,,,,
058v,p058v_1,Noirs,Noirs,Blacks,painting,,
058v,p058v_2,Ombres,Ombres,Shadows,painting,,
058v,p058v_3,A fresc,A fresc,In fresco,painting,,
058v,p058v_4,Azur,Azur,Azure,painting,,
058v,p058v_5,Pinceaulx,Pinceaulx,paintbrushes,painting,,
059r,p058v_5,,,,,,
059r,p059r_1,Ombres,Ombres,Shadows,painting,,
059r,p059r_2,Azur,Azur,Azure,varnish,painting,
059v,p059v_1,NoirPaincture darmes,NoirPaincture d’armes,BlackPainting of armory,painting,,
059v,p059v_2,Paincture de crespe,Paincture de crespe,Painting of crêpe,painting,,
059v,p059v_3,Plis de vestements,Plis de vestements,Folds in clothing,painting,,
059v,p059v_4,Desiccatif,Desiccatif,Desiccative,painting,,
059v,p059v_5,Double couche,Double couche,Double layers,painting,,
059v,p059v_6,Racoustrer les fentes dun tableau,Racoustrer les fentes d’un tableau,Mending the cracks in a panel,painting,,
060r,p059v_6,,,,,,
060r,p060r_1,Blanchiment premier dun tableau,Blanchiment premier dun tableau,First whitening of a panel,painting,,
060r,p060r_2,Labeur net,Labeur net,Neat work,painting,,
060r,p060r_3,c_060r_01Huile,c_060r_01 Huile,Oil,painting,varnish,
060v,p060v_1,Vernis sec en une heure,Vernis sec en une heure,Varnish dry in an hour,varnish,,
060v,p060v_2,Laver les tableaulx,c_060v_01 Laver les tableaulx,Cleaning panels,painting,,
060v,p060v_3,,,,painting,,
060v,p060v_4,Couleur de bois,Couleur de bois,Wood color,painting,varnish,
060v,p060v_5,Labeur des flamens,Labeur des Flamens,Work of the Flemish,painting,,
061r,p060v_4,,,,,,
061r,p061r_1,Carnations,Carnations,Flesh colors,painting,,
061r,p061r_2,Arrondir,c_061r_02 Arrondir,Rounding off,painting,,
061r,p061r_3,Blanc de plomb,Blanc de plomb,Lead white,painting,,
061r,p061r_4,Jours,Jours,Lights,painting,,
061v,p061v_1,Eau pour donner jour au painctre,Eau pour donner jour au painctre,Water to give light for the painter,painting,practical optics,
061v,p061v_2,Chassis des allemans,Chassis des Allemans,Frames of theGermans,painting,varnish,practical optics
061v,p061v_3,Azur desmail a huile,Azur d’esmail à huile,Azur d’esmail in oil,painting,,
061v,p061v_4,Broyer couleurs,Broyer couleurs,Grinding colors,painting,,
062r,p062r_1,Perspectives,Perspectives,Perspectives,painting,,
062r,p062r_2,Ocre,Ocre,Ochre,painting,,
062r,p062r_3,Hommes et animaulx esloignes,Hommes et animaulx esloignés,Distant people and animals,painting,,
062r,p062r_4,Pourtraire,Pourtraire,Drawing,painting,,
062v,p062v_1,Portraire,Portraire,Drawing,painting,,
062v,p062v_2,Perspective,Perspective,Perspective,painting,,
062v,p062v_3,Tableau,Tableau,Panel,painting,,
063r,p063r_1,Couleur damaranthe,Couleur d’amaranthe,Amaranth color,painting,,
063r,p063r_2,Desiccation dhuile,Desiccation d’huile,Drying of oil,painting,,
063r,p063r_3,Gect,Gect,Casting,casting,,
063r,p063r_4,Umbres,Umbres,Shadows,painting,,
063r,p063r_5,Bistre,Bistre,Bistre,painting,,
063r,p063r_6,Verdegris et aultre tresbeau vert gay,Verdegris et aultre tres beau vert gay,Verdigris and another very beautiful bright green,painting,,
063v,p063v_1,Velours et noirs,Velours et noirs,Velvets and blacks,painting,,
063v,p063v_2,Armes,Armes,Armory,painting,,
063v,p063v_3,Scudegrun,Scudegrun,Stil de grain yellow,painting,,
063v,p063v_4,Rosette,Rosette,Rosette,painting,,
063v,p063v_5,Pers de flendres,Pers de Flendres,Flanders blue,painting,,
063v,p063v_6,Paysages de neiges,Paysages de neiges,Snow-covered landscapes,painting,,
063v,p063v_7,Adoulcir,Adoulcir,Softening,painting,,
064r,p064r_1,Nettement travailler,Nettement travailler,Working neatly,painting,,
064r,p064r_2,Huile gras,Huile gras,Fatty oil,painting,,
064r,p064r_3,Vermeillon,Vermeillon,Vermilion,painting,,
064r,p064r_4,Couleurs a huile dans leau,Couleurs à huile dans l’eau,Oil colors in water,painting,,
064r,p064r_5,Double couche,Double couche,Double layer,painting,,
064r,p064r_6,Ocre jaulne,Ocre jaulne,Yellow ochre,painting,,
064r,p064r_7,Adoulcir,Adoulcir,Softening,painting,,
064r,p064r_8,Œil,Œil,Eye,painting,,
064v,p064v_1,Aprentissaige du paintre,Aprentissaige du paintre,Apprenticeship of the painter,painting,,
064v,p064v_3,Adoulcir,Adoulcir,Softening,painting,,
064v,p064v_4,Lignes droictes,Lignes droictes,Straight lines,painting,,
064v,p064v_5,Destrempe,Destrempe,Distemper,painting,,
065r,p065r_1,Umbres,Umbres,Shadows,painting,,
065r,p065r_2,Carnation,Carnation,Flesh color,painting,,
065r,p065r_3,Mirouer,Mirouer,Mirror,painting,practical optics,
065r,p065r_4,Couleurs grasses,Couleurs grasses,Greasy colors,painting,,
065v,p065v_1,Couleurs mi vives,Couleurs mi vives,Semi-lively colors,painting,,
065v,p065v_2,Paindre grandes figures,Paindre grandes figures,Painting large figures,painting,,
065v,p065v_3,Glasser,Glasser,Glazing,painting,,
065v,p065v_4,Blanc et noir,Blanc et noir,White and black,painting,,
065v,p065v_5,Blanc de plomb,Blanc de plomb,Lead white,painting,,
065v,p065v_6,Au naturel,Au naturel,From nature,painting,,
065v,p065v_7,Impression,Impression,Primingc_065v_04,painting,,
066r,p066r_1,Doubles couches,Doubles couches,Double layers,painting,,
066r,p066r_2,Umbres,Umbres,Shadows,painting,,
066r,p066r_3,Paindre a destrempe sur bois,Paindre à destrempe sur bois,Painting in distemper on wood,painting,,
066r,p066r_4,Couleurs a huile qui semboivent,Couleurs à huile qui s’emboivent,Colors in oil that are imbibed,painting,varnish,
066r,p066r_5,Dorer mouleure de tableaulx dor mat,Dorer mouleure de tableaulx d’or mat,Gilding molding for panels with or mat,varnish,,
066v,p066r_5,,,,,,
066v,p066v_1,Garder de croistre les tetins dc_066v_03ou diminuer les trop grands,Garder de croistre les tetins dc_066v_03ou diminuer les trop grands,For preventing teats from swelling d or to diminish overly large ones,medicine,,
066v,p066v_2,Pour attirer les pigeons,Pour attirer les pigeons,For attracting pigeons,animal husbandry,,
066v,p066v_3,Contre la meurtrisseure des yeulx,Contre la meurtrisseure des yeulx,Against bruising of the eyes,medicine,,
066v,p066v_4,Pinceaulx,Pinceaulx,paintbrushes,painting,,
067r,p066v_4,,,,,,
067r,p067r_1,Huile,Huile,Oil,varnish,,
067r,p067r_2,Sable,Sable,Sand,casting,,
067r,p067r_3,Four a souflets,Four à souflets,Bellows furnace,tool,metal process,
067r,p067r_4,Vernis sur papier,Vernis sur papier,Varnish on paper,varnish,,
067v,p067v_1,Limes,Limes,Files,tool,,
067v,p067v_2,Os de pied de beuf pour sable,Os de pied de beuf pour sable,Bones of the foot of oxen for sand,casting,,
067v,p067v_3,Huiles dessence,Huiles d’essence,Huiles d’essence,painting,varnish,
068r,p068r_1,Tables fantasques,Tables fantasques,Fanciful tables,decorative,,
068r,p068r_2,Planter abres,Planter abres,Planting trees,cultivation,,
068r,p068r_3,Gect,Gect,Casting,casting,,
068v,p068r_3,,,,,,
069r,p068r_3,,,,,,
069r,p069r_1,Menusier,Menusier,Joiner,wood and its coloring,decorative,
069r,p069r_2,Sable,Sable,Sand,casting,,
069v,p069r_2,,,,,,
070r,p069r_2,,,,,,
070v,p069r_2,,,,,,
071r,p071r_1,Ambre,Ambre,Amber,stones,,
071r,p071r_2,Bois madre,Bois madre,Wood with streaked grain,wood and its coloring,,
071r,p071r_3,Vin brusle et sucre,Vin bruslé et sucré,Mulled and sugared wine,household and everyday life,,
071r,p071r_4,Chevaulx las,Chevaulx las,Weary horses,household and everyday life,animal husbandry,
071r,p071r_5,Eau de vye,Eau de vye,Eau-de-vie,household and everyday life,,
071v,p071v_1,Vernis,Vernis,Varnish,varnish,,
071v,p071v_2,Graisse de mouton,Graisse de mouton,Sheep fat,household and everyday life,animal husbandry,
071v,p071v_3,Araigne,Araigné,Spider,household and everyday life,,
071v,p071v_4,Sable,Sable,Sand,casting,,
072r,p072r_1,Lettres dimprimeur,Lettres d’imprimeur,Printer’s letters,casting,printing,
072r,p072r_2,Gecter en cuivre,Gecter en cuivre,Casting in copper,casting,,
072v,p072v_1,Gect,Gect,Casting,casting,,
073r,p073r_1,c_073r_01 Pour faire vernys pers,Pour faire vernys pers,For making blue varnish,wood and its coloring,,
073r,p073r_2,Pour Couleur dorange,Pour couleur d’orange,For orange color,wood and its coloring,,
073r,p073r_3,Pour desgresser os ou corne,Pour desgresser os ou corne,For ridding bone or horn of fattiness,wood and its coloring,,
073r,p073r_4,Pour faire boys gris,Pour faire boys gris,For making gray wood,wood and its coloring,,
073r,p073r_5,Pour faire bronze a couleur dor,Pour faire bronze à couleur d’or,For making bronze in gold color,metal process,,
073v,p073r_5,,,,,,
073v,p073v_1,Pour le Coucher,Pour le coucher,For c coating it,metal process,,
073v,p073v_2,Verny,Verny,Varnish,varnish,,
073v,p073v_3,Aultre recepte pour faire verny,Aultre recepte pour faire verny,Another recipe for making varnish,varnish,,
073v,p073v_4,Couleur de Cuyvre bruny,Couleur de cuyvre bruny,Color of burnished copper,metal process,,
074r,p074r_1,Pour bronzer blanc,Pour bronzer blanc,For bronzing white,metal process,wood and its coloring,
074r,p074r_2,Pour faire vernilhon,Pour faire vernilhon,For making vermilion,painting,metal process,
074r,p074r_3,Pour faire verny,Pour faire verny,For making varnish,varnish,,
074v,p074r_3,,,,,,
074v,p074v_1,Pour faire vernys Rouge,Pour faire vernys rouge,For making red varnish,varnish,,
074v,p074v_2,Pour faire vernys Jaulne,Pour faire vernys jaulne,For making yellow varnish,varnish,,
074v,p074v_3,Recepte pour Gaulme blanche,Recepte pour gaulme blanche,Recipe for white gum,wax process,wood and its coloring,
074v,p074v_4,Goume verte,Goume verte,Green gum,wax process,wood and its coloring,
075r,p075r_1,Goume Rouge,Goume rouge,Red gum,wax process,wood and its coloring,
075r,p075r_2,Bronze de Cuyvre,Bronze de cuyvre,Bronze of copper,wood and its coloring,,
075r,p075r_3,Bronze Comme Estaing,Bronze comme estaing,Bronze like tin,wood and its coloring,,
075r,p075r_4,Pour faire Eaue fort,Pour faire eaue fort,For making aquafortis,corrosives,,
075r,p075r_5,Or Moulu,Or moulu,Or moulu,painting,metal process,
075v,p075v_1,Pour faire du boys gris,Pour faire du boys gris,For making gray wood,wood and its coloring,,
075v,p075v_2,Pour dorer sur le boys,Pour dorer sur le boys,For gilding on wood,wood and its coloring,,
075v,p075v_3,Pour dorer dor Moleu,Pour dorer d’or moleu,For gilding with or moleu,metal process,wood and its coloring,
075v,p075v_4,Recepte pour Mectre tous boys en coulleur,Recepte pour mectre tous boys en coulleur,Recipe for putting all woods in color,wood and its coloring,,
076r,p075v_4,,,,,,
076r,p076r_1,Pour faire boys verd,Pour faire boys verd,For making wood green,wood and its coloring,,
076r,p076r_2,Pour faire boys Rouge,Pour faire boys rouge,For making wood red,wood and its coloring,,
076r,p076r_3,Pour le faire Bleu,Pour le faire bleu,For making it blue,wood and its coloring,,
076r,p076r_4,Pour le faire Violet,Pour le faire violet,For making it violet,wood and its coloring,,
076r,p076r_5,Pour le faire Jaulne,Pour le faire jaulne,For making it yellow,wood and its coloring,,
076v,p076v_1,Pour faire couleur dor fort belle & de peu de despance,Pour faire couleur d’or fort belle & de peu de d’espance,For making very beautiful gold color & of little expense,metal process,wood and its coloring,
076v,p076v_2,Pour faire Goumiche noyre,Pour faire goumiche noyre,For making black goumiche,wood and its coloring,,
076v,p076v_3,Pour La Blanche,Pour la blanche,For the white,wood and its coloring,,
076v,p076v_4,Pour dorer sur ferou Estaing,Pour dorer sur fer ou estaing,For gilding iron or tin,metal process,,
077r,p077r_1,Contre les rougeurs du visage,Contre les rougeurs du visage,Against redness of the face,medicine,,
077r,p077r_2,Medecine des orientaulx contre toutes maladies,Medecine des Orientaulx contre toutes maladies,Medicine of the orientals against all maladies,medicine,,
077r,p077r_3,Terre graisse,Terre graisse,Fatty earth,casting,,
077r,p077r_4,c_077r_01Recepte pour faire bronze et vernys de plusieurs sortes,c_077r_01Recepte pour faire bronze et vernys de plusieurs sortes,Recipe for making bronze and varnish of many sorts,varnish,,
077v,p077r_4,,,,,,
077v,p077v_1,Aultre vernys aprouve,Aultre vernys aprouvé,Another approved varnish,varnish,,
077v,p077v_2,Aultre verny,Aultre verny,Another varnish,varnish,,
077v,p077v_3,Aultre verny,Aultre verny,Another varnish,varnish,,
078r,p077v_3,,,,,,
078r,p078r_1,Aultre verny,Aultre verny,Another varnish,varnish,,
078r,p078r_2,Pour faire verny Rouge,Pour faire verny rouge,For making red varnish,varnish,,
078r,p078r_3,Pour faire trbois verd,Pour faire trbois verd,For making green trwood,wood and its coloring,,
078v,p078v_1,Pour faire bronze en couleur dassier,Pour faire bronze en couleur d’assier,For making bronze in steel color,metal process,wood and its coloring,
078v,p078v_2,Pour faire bronze en Couleur dor,Pour faire bronze en couleur d’or,For making bronze in gold color,varnish,,
078v,p078v_3,Pour faire Os ou corne verd,Pour faire os ou corne verd,For making bone or horn green,wood and its coloring,,
078v,p078v_4,Pour faire bronze,Pour faire bronze,For making bronze,metal process,wood and its coloring,
079r,p078v_4,,,,,,
079r,p079r_1,Pour faire boys Gris,Pour faire boys gris,Making gray wood,wood and its coloring,,
079r,p079r_2,Pour faire Eau pour le mal des yeux,Pour faire eau pour le mal des yeux,For making water for disease of the eyes,medicine,,
079r,p079r_3,Pour faire bronze en coulleur dor,Pour faire bronze en coulleur d’or,For making bronze in gold color,metal process,wood and its coloring,
079v,p079r_3,,,,,,
079v,p079v_1,Pour faire verny,Pour faire verny,For making varnish,varnish,,
079v,p079v_2,c_079v_02Contrepoison contre la fumee des metaulx,c_079v_02Contrepoison contre la fumée des metaulx,Antidote against the fumes of metals,medicine,,
079v,p079v_3,Estaim pour gect,Estaim pour gect,Tin for casting,casting,,
079v,p079v_4,Mixture pour les imprimeurs,Mixture pour les imprimeurs,Mixture for printers,printing,,
080r,p080r_1,Mortier,Mortier,Petard,arms and armor,,
080r,p080r_2,Stuc blanc fort dur,Stuc blanc fort dur,Very hard white stucco,stones,,
080r,p080r_3,Fontaines,Fontaines,Fountains,tool,household and everyday life,
080v,p080v_1,Fondeurs de menus ouvrages destaim,Fondeurs de menus ouvrages d’estaim,Founders of small works of tin,casting,,
081r,p081r_1,Sable,Sable,Sand,casting,,
081r,p081r_2,Terre a mouler,Terre à mouler,Earth for molding,casting,,
081r,p081r_3,Plastre,Plastre,Plaster,casting,,
081r,p081r_4,Carton,Carton,Cartonc_081r_04,casting,,
081v,p081v_1,Sable,Sable,Sand,casting,,
081v,p081v_2,Fayre courre le cuivre et letton,Fayre courre le cuivre et letton,Making copper and latten run,casting,,
081v,p081v_3,Sable,Sable,Sand,casting,,
081v,p081v_4,Gect de chassis,Gect de chassis,Frame casting,casting,,
082r,p082r_1,Chaleur de cuivre,Chaleur de cuivre,Heat of copper,casting,,
082r,p082r_2,Chassis,Chassis,Frame,casting,,
082r,p082r_3,Glaire dœufs,Glaire d’œufs,Glair of eggs,casting,,
082r,p082r_4,Horlogeurs,Horlogeurs,Clockmakers,tool,,
082v,p082v_1,Horlogeurs,Horlogeurs,Clockmakers,tool,,
082v,p082v_2,Gecter plomb en plomb,Gecter plomb en plomb,Casting lead in lead,casting,,
082v,p082v_3,Sable,Sable,Sand,casting,,
082v,p082v_4,Forme de gecter en bronze,Forme de gecter en bronze,Method of casting in bronze,casting,,
083r,p083r_1,Sable pour le plomb,Sable c_083r_02pour le plomb,Sand for lead,casting,,
083r,p083r_2,Sable pour medailles de cuivre,Sable pour medailles de cuivre,Sand for copper medals,casting,,
083r,p083r_3,Aultre sable,Aultre sable,Another sand,casting,,
083r,p083r_4,Aultre pour le plomb,Aultre pour le plomb,Another for lead,casting,,
083r,p083r_5,Aultre,Aultre,Another,casting,,
083r,p083r_6,Sable excellent,Sable excellent,Excellent sand,casting,,
083v,p083v_1,Forme de mouler excellente avecq eau,Forme de mouler excellente avecq eau,A way for molding excellently with water,casting,,
083v,p083v_2,Mouler de relief dune part et creux de laultre,Mouler de relief d’une part et creux de l’aultre,Molding in relief on one part and hollow on the other.,casting,,
083v,p083v_3,Souflets,Souflets,Bellows,tool,metal process,
084r,p084r_1,Masque in promptu,Masque in promptu,Impromptu mask,casting,,
084r,p084r_2,,,,,,
084r,p084r_3,Eau magistra,Eau magistra,Eau magistra,casting,,
084r,p084r_4,Farine,Farine,Flour,casting,,
084r,p084r_5,Sable de mine de Thoulouse,Sable de mine de Thoulouse,Sand from a mine in Thoulouse,casting,,
084v,p084v_1,Sable,Sable,Sand,casting,,
084v,p084v_2,Eau magistra,Eau magistra,Eau Magistra,casting,,
084v,p084v_3,Plomb,Plomb,Lead,casting,,
084v,p084v_4,Sable pour le plomb le plus excellent de tous pour grand relief et petit,Sable pour le plomb le plus excellent de tous pour grand relief et petit,"Sand for lead, the most excellent of all, for high and low reliefs",casting,,
085r,p084v_4,,,,,,
085r,p085r_1,Vernis vert pour les medailles de cuivre,Vernis vert pour les medailles de cuivre,Green varnish for medals of copper,varnish,casting,
085r,p085r_2,Colle,Colle,Glue,household and everyday life,decorative,
085v,p085v_1,Fondeur,Fondeur,Founder,casting,,
085v,p085v_2,Mortiers,Mortiers,Mortars,tool,,
085v,p085v_3,Sable de mine,Sable de mine,Sand from the mine,casting,,
085v,p085v_4,Sables experimentes,Sables experimentés,Experimented sands,casting,,
086r,p085v_4,,,,,,
086v,p085v_4,,,,,,
086v,p086v_1,Sable excellent pour plomb estain et cuivre,"Sable excellent pour plomb, estain, et cuivre","Excellent sand for lead, tin and copper",casting,,
087r,p086v_1,,,,,,
087r,p087r_1,Sable de Thoulouse,Sable de Thoulouse,Sand from Thoulouse,casting,,
087v,p087v_1,Sable ardoise et terre bruslee,"Sable, ardoise, et terre bruslée","Sand, slate, and burned earth",casting,,
087v,p087v_2,Magistra,Magistra,Magistra,casting,,
087v,p087v_3,Sable de mine de Thoulouse,Sable de mine de Thoulouse,Sand of the mine of Thoulouse,casting,,
088r,p088r_1,Visme,Visme,Vismec_088r_02,cultivation,,
088r,p088r_2,Mortiers,Mortiers,Mortars,tool,,
088r,p088r_3,Vernis,Vernis,Varnish,varnish,,
088r,p088r_4,Hanter,Hanter,Grafting,cultivation,,
088r,p088r_5,Boulangier,Boulangier,Baker,household and everyday life,,
088r,p088r_6,Estain de glace,Estain de glace,Looking-glass tin,casting,,
088v,p088v_1,Sable de sel gemme pulverise et sable de mine subtilie sur le mabre,Sable de sel gemme pulverisé et sable de mine subtilié sur le mabre,Sand from pulverised rock salt and sand from the mine finely ground on marble,casting,,
088v,p088v_2,Sable mineral,Sable mineral,Mineral sand,casting,,
089r,p089r_1,Sable dos de bœuf brusle et sal gemme,Sable d’os de bœuf bruslé et sal gemme,Sand of burnt oxen bone and rock salt,casting,,
089r,p089r_2,Recuire ou essuyer un chassis moule,Recuire ou essuyer un chassis moulé,Reheating or drying a molded frame,casting,,
089r,p089r_3,Sable naturel,Sable naturel,Natural sand,casting,,
089v,p089v_1,Sel armoniac et albastre,Sel armoniac et albastre,Sal ammoniac and alabaster,casting,,
089v,p089v_2,Sable de mine blanc des verriers mesle de sel armoniac,Sable de mine blanc des verriers meslé de sel armoniac,"Glassmakers’ white sand from the mine, mixed with sal ammoniac",casting,glass process,
090r,p090r_1,Sel armoniac et mache de fer,Sel armoniac et mache de fer,Sal ammoniac and iron dross,casting,,
090r,p090r_2,Sable,Sable,Sand,casting,,
090r,p090r_3,Que tout sable se peult rendre bon,Que tout sable se peult rendre bon,All sands can be rendered good,casting,,
090v,p090r_3,,,,,,
090v,p090v_1,Terre fondue des potiers,Terre fondue des potiers,Terre fondue of potters,casting,,
090v,p090v_2,Orangers,Orangers,Orange trees,cultivation,,
091r,p091r_1,Hanter,Hanter,Grafting,cultivation,,
091r,p091r_2,Mouler en os de seiche,Mouler en os de seiche,Molding with cuttlefish bone,casting,,
091v,p091r_2,,,,,,
092r,p092r_1,Sable Mixture aysee a fondre,Sable Mixture aysée à fondre,SandMixture easy to melt,casting,,
092r,p092r_2,Mouler cave dun coste et de relief de laultre,Mouler cave d’un costé et de relief de l’aultre,Molding hollow on one side and in relief on the other,casting,,
092r,p092r_3,Potin,Potin,Potin,metal process,,
092r,p092r_4,Mouler statues,Mouler statues,Molding statues,casting,,
092v,p092v_1,Sable des telines et moules de riviere,Sable des telines et moules de riviere,Sand from river tellins and mussels,casting,,
092v,p092v_2,Congellation de mercure,Congellation de mercure,Congealing mercury,metal process,,
092v,p092v_3,Mixture,Mixture,Mixture,metal process,,
093r,p093r_1,Olives,Olives,Olives,cultivation,,
093r,p093r_2,Observation des rustiques,Observation des rustiques,Observation from rustics,cultivation,,
093r,p093r_3,I Hantes,I Hantes,Grafts,cultivation,,
093r,p093r_4,Sable,Sable,Sand,casting,,
093r,p093r_5,Sable,Sable,Sand,casting,,
093v,p093v_1,Visaige a destrempe,Visaige à destrempe,Faces in distemper,painting,,
093v,p093v_2,Azur,Azur,Azure,painting,,
093v,p093v_3,Violet et laque,Violet et laque,Violet and lake,painting,,
094r,p094r_1,Fourbisseur,Fourbisseur,Furbisher,arms and armor,,
094v,p094r_1,,,,,,
095r,p094r_1,,,,,,
095v,p094r_1,,,,,,
096r,p094r_1,,,,,,
096v,p096v_1,Gardes grises,Gardes grises,Grey guards,arms and armor,,
096v,p096v_2,Couleur deau,Couleur d’eau,Color of water,arms and armor,metal process,
096v,p096v_3,Vernis jaulne,Vernis jaulne,Yellow varnish,arms and armor,metal process,varnish
097r,p097r_1,Le vernis noir,Le vernis noir,Black varnish,arms and armor,metal process,varnish
097r,p097r_2,Dorer,Dorer,Gilding,arms and armor,metal process,
097r,p097r_3,Argenter,Argenter,Gilding with silver,arms and armor,metal process,
097v,p097v_1,Vernis de mastic sec en demye heure,Vernis de mastic sec en demye heure,Mastic varnish dry in a half hour,varnish,,
097v,p097v_2,Travailler daprest,Travailler d’aprest,Painting on glass,painting,medicine,
098r,p098r_1,Vernis pour les luts,Vernis pour les luts,Varnish for lutes,varnish,,
098r,p098r_2,Bords de Jardin,Bords de jardin,Borders of a garden,cultivation,household and everyday life,
098r,p098r_3,Sarrurier,Sarrurier,Locksmith,metal process,varnish,
098v,p098v_1,Petis chiens,Petis chiens,Small dogs,animal husbandry,,
098v,p098v_2,Artichauts sales,Artichauts salés,Salted artichokes,cultivation,,
098v,p098v_3,Abres,Abres,Trees,cultivation,,
098v,p098v_4,Oyseaulx,Oyseaulx,Birds,animal husbandry,,
098v,p098v_5,Fonte,Fonte,Founding,casting,,
099r,p098v_5,,,,,,
099r,p099r_2,Sable blanc maigre,Sable blanc maigre,Lean white sand,casting,,
099r,p099r_3,Anses de cloches,Anses de cloches,Bell handles,casting,,
099v,p099v_1,Coigniers,Coigniers,Quince trees,cultivation,,
099v,p099v_2,Canons,Canons,Cannons,arms and armor,,
099v,p099v_3,Cloches,Cloches,Bells,casting,,
099v,p099v_4,Dorer ta moleures de tableaux sans or,Dorer ta moleures de tableaux sans or,Gilding your molding for panels without gold,painting,,
099v,p099v_5,Orenge dorpiment,Orenge d’orpiment,Orpiment orange,painting,,
099v,p099v_6,Vernis,Vernis,Varnish,varnish,,
100r,p100r_1,Or couleur,Or couleur,Gold color,painting,,
100r,p100r_2,Pourtraire au naturel,Pourtraire au naturel,Portraying from nature,painting,,
100r,p100r_3,Pierreries,Pierreries,Gemstones,stones,,
100r,p100r_4,Le salpestre vitrifie,Le salpestre vitrifié,Vitrified saltpeter,stones,,
100r,p100r_5,Vitres que le soleil ne passera point,Vitres que le soleil ne passera point,Windows through which the sun will not pass,glass process,practical optics,
100v,p100v_1,Pierrerie,Pierrerie,Gemstones,stones,,
100v,p100v_2,Pour ruby prens de lor en fœille,Pour ruby prens de l’or en fœille,For ruby take some gold leaf,stones,,
101r,p100v_2,,,,,,
101r,p101r_1,Topasse,Topasse,Topaz,stones,,
101r,p101r_2,Sel a fayre fondre,Sel à fayre fondre,Salt for melting,metal process,casting,
101v,p101r_2,,,,,,
101v,p101v_1,Jacinthe,Jacinthe,Jacinth,stones,,
101v,p101v_2,Topasse,Topasse,Topaz,stones,,
101v,p101v_3,Vernis,Vernis,Varnish,varnish,,
101v,p101v_4,Gomme armoniac,Gomme armoniac,Gum ammoniac,painting,,
102r,p102r_1,Provisions pour lœuvre de colchos,Provisions pour l’œuvre de Colchos,Provisions for the work of Colchis,metal process,,
102r,p102r_2,Pour le four,Pour le four,For the furnace,metal process,,
102r,p102r_3,Ciment royalc_102r_02,Ciment royalc_102r_02,Ciment royalc_102r_02,metal process,,
102r,p102r_4,Vaisseaulx de verre,Vaisseaulx de verre,Glass vessels,glass process,,
102v,p102v_1,Paindre sur cristal ou verre,Paindre sur cristal ou verre,Painting on crystal or glass,painting,glass process,
102v,p102v_2,Infusion danthos ou rosmarin,Infusion d’anthos ou rosmarin,Infusion of anthos or rosemaryc_102v_05,medicine,,
102v,p102v_3,Gect,Gect,Cast,casting,,
103r,p103r_1,Contre bruslure excellent,"Contre bruslure, excellent","Against burns, excellent",medicine,,
103r,p103r_2,Contre la galle des chiens,Contre la galle des chiens,Against dogs’ mange.,medicine,,
103v,p103v_1,Clistere,Clistere,Enema,medicine,,
103v,p103v_2,Gect,Gect,Cast,casting,,
103v,p103v_3,Pour fayre courre les couleurs,Pour fayre courre les couleurs,For making colors run,painting,,
103v,p103v_4,Suif doreille,Suif d’oreille,Earwax,medicine,,
103v,p103v_5,Esmauls,Esmauls,Enamels,painting,practical optics,
104r,p104r_1,Pour manger et dissouldre lor tout pur,Pour manger et dissouldre l’or tout pur,For eating away and dissolving entirely pure gold,metal process,,
104r,p104r_2,Pour graver sur fer,Pour graver sur fer,For etching on iron,metal process,,
104r,p104r_3,Bonne saulce a colorer lor,Bonne saulce a colorer l’or,Good mixture to color gold,painting,metal process,
104r,p104r_4,Argenter sur cuivre et letton,Argenter sur cuivre et letton,For gilding with silver on copper and latten,metal process,,
104r,p104r_5,Esmailler une cornaline,Esmailler une cornaline,Enameling a cornaline,painting,stones,
104v,p104v_1,Contre la galle des chiens,Contre la galle des chiens,Against dogs’ mange,medicine,,
104v,p104v_2,Pour gect,Pour gect,For casting,casting,,
104v,p104v_3,Orfevre,Orfevre,Goldsmith,metal process,,
104v,p104v_4,Espinette jouant toute seule,Espinette jouant toute seule,Spinet playing by itself,household and everyday life,tricks and sleight of hand,
105r,p105r_1,Tortues,Tortues,Turtles,animal husbandry,,
105r,p105r_2,Seicher couleurs,Seicher couleurs,Drying colors,painting,,
105r,p105r_3,Painctre,Painctre,Painter,painting,,
105r,p105r_4,Jardinier,Jardinier,Gardening,cultivation,,
105v,p105r_4,,,,,,
105v,p105v_1,Jardinier,Jardinier,Gardening,cultivation,,
105v,p105v_2,Fontanier,Fontanier,Fountain maker,tool,,
105v,p105v_3,Prendre rossignols Voy le 15 fœillet cy apres,Prendre rossignols Voy le 15 fœillet cy aprés,Catching nightingales See the 15th folio after this.c_105v_04,animal husbandry,,
105v,p105v_4,Rossignol,Rossignol,Nightingale,animal husbandry,,
105v,p105v_5,Rossignol,Rossignol,Nightingale,,,
106r,p106r_1,Pour gect,Pour gect,For casting,casting,,
106r,p106r_2,Faire courre lOr pour gect,Faire courre l’or pour gect,Making gold run for casting,casting,,
106v,p106v_1,Gecter en or,Gecter en or,Casting in gold,casting,,
106v,p106v_3,Tuiles,Tuiles,Tiles,casting,,
106v,p106v_2,left-topPlastrec_106v_07,left-topPlastrec_106v_07,left-topPlasterc_106v_07,casting,,
107r,p106v_2,,,,,,
107r,p107r_1,Pour prendre lezards et serpents,Pour prendre lezards et serpents,Catching lizards and snakes,casting,,
107v,p107r_1,,,,,,
108r,p107r_1,,,,,,
108r,p108r_2,Spaltc_108r_02,Spaltc_108r_02,Spaltc_108r_02,casting,,
108v,p108r_2,,,,,,
109r,p109r_1,Esbaucher en cire,Esbaucher en cire,Modelling in wax,casting,wax process,
109r,p109r_2,Cire a mouler -,Cire à mouler -,Wax for molding -,casting,wax process,
109r,p109r_3,Mouler cire,Mouler cire,Molding wax,casting,wax process,
109r,p109r_4,Souflets de la forge,Souflets de la forge,Bellows of the forge,casting,tool,
109r,p109r_5,Serpents a mouler,Serpents à mouler,Snakes for molding,casting,,
109v,p109r_5,,,,,,
109v,p109v_1,Crapault,Crapault,Toad,casting,medicine,
109v,p109v_2,Fayre mourir serpents pour mouler,Fayre mourir serpents pour mouler,Killing snakes for molding,casting,,
110r,p110r_1,Mouler,Mouler,Molding,casting,,
110r,p110r_2,Rocher & grotte,Rocher & grotte,Rock & grotto,decorative,,
110r,p110r_3,Serpens,Serpens,Snakes,casting,,
110v,p110r_3,,,,,,
110v,p110v_1,Moules,Moules,Molds,casting,,
110v,p110v_2,Huile de froment,Huile de froment,Wheat oil,casting,,
110v,p110v_3,Gect de plomb et estaim,Gect de plomb et estaim,Cast of lead and tin,casting,,
111r,p111r_1,Recuire les moules,Recuire les moules,Reheating molds,casting,,
111r,p111r_2,Fumee de letton,Fumée de letton,Latten smoke,casting,,
111r,p111r_3,Pour le cuivre rouge,Pour le cuivre rouge,For red copper,casting,metal process,
111r,p111r_4,Terre ardille,Terre ardille,Clay earth,casting,,
111r,p111r_5,Fil de fer,Fil de fer,Iron wire,casting,tool,
111v,p111v_1,Eeau de sel armoniac,Eeau de sel armoniac,Sal ammoniac water,casting,,
111v,p111v_2,Sanguine,Sanguine,Sanguine,casting,,
111v,p111v_3,Chancre et escrevisse,Chancre et escrevisse,Crab and crayfish,casting,,
111v,p111v_4,Lesards,Lesards,Lizards,casting,,
111v,p111v_5,Composition de sable,Composition de sable,Composition of sand,casting,,
112r,p112r_1,Pour destremper le sable,Pour destremper le sable,For wetting sand,casting,,
112r,p112r_2,Decoction des sables,Decoction des sables,Decoction of sands,casting,,
112r,p112r_3,Pour mouler en noyau Mixtion du sable,Pour mouler en noyau Mixtion du sable,Molding en noyau. Mixture of sand,casting,,
112r,p112r_4,Fayre mourir lanimal a mouler,Fayre mourir l’animal à mouler,Putting to death the animal for molding,casting,,
112v,p112r_4,,,,,,
112v,p112v_1,MoulerFayre le plant et disposition de lanimal,Mouler Fayre le plant et disposition de l’animal,For molding Making the arrangement and disposition of the animal,casting,,
113r,p112v_1,,,,,,
113r,p113r_1,Destremper le sable et mouler le premier gect,Destremper le sable et mouler le premier gect,Wetting sand and molding the first cast,casting,,
113v,p113r_1,,,,,,
113v,p113v_1,Second gect,Second gect,Second cast,casting,,
114r,p114r_1,Second gect,Second gect,Second Cast,casting,,
114v,p114r_1,,,,,,
115r,p114r_1,,,,,,
115r,p115r_1,Faire le gect recuire les moules & Advertissement sur tout ce que dessus|-|,"Faire le gect, recuire les moules, &c Advertissement sur tout ce que dessus|-|","Make the cast, reheat the molds, &cNote about everything above|-|",casting,,
115r,p115r_2,Animal hors de despouille,Animal hors de despouille,Animal after release,casting,,
115r,p115r_3,Recuite de moules,Recuite de moules,Reheating molds,casting,,
115v,p115v_1,Gect destaim,Gect d’estaim,Cast of tin,casting,,
115v,p115v_2,Pour donner vent au moule,Pour donner vent au moule,For giving venting to the mold,casting,,
115v,p115v_3,Recuire les moules a noyau,Recuire les moules à noyau,Reheating the noyau molds,casting,,
116r,p115v_3,,,,,,
116r,p116r_1,Mouler bouquets herbes et fleurs,"Mouler bouquets, herbes et fleurs","Molding bouquets, plants and flowers",casting,,
116r,p116r_2,Mouler de en noyau de mesme sable images de cire ou medailles de plomb et semblable,Mouler de en noyau de mesme sable images de cire ou medailles de plomb et semblable,"Molding de en noyau with the same sand, wax images or lead medals and suchlike",casting,,
116r,p116r_3,Gect pour or et argent,Gect pour or et argent,Casting for gold and silver,casting,,
116r,p116r_4,Moyen desmoulerc_116r_04 desmailler des fœilles dore roses dor fort subtilles et aultres,Moyen desmouler d’esmailler des fœilles dore roses d’or fort subtilles et aultres,A way to unmold enamel gold very delicate gold rose leaves and others,metal process,,
116v,p116v_1,Mouler serpents en tout temps,Mouler serpents en tout temps,Molding snakes in all weather,casting,,
116v,p116v_2,Mixture destain et de plomb,Mixture d’estain et de plomb,Mixture of tin and lead,casting,,
116v,p116v_3,Gect pour cuivre et letton,Gect pour cuivre et letton,Cast for copper and latten,casting,,
117r,p117r_1,Moyen de mouler les fleurs et herbes,Moyen de mouler les fleurs et herbes,A means of molding flowers and plants,casting,,
117v,p117v_1,Pour faire sortir la cendre des moules des fleurs et herbes,Pour faire sortir la cendre des moules des fleurs et herbes,For making the ashes of flowers and plants leave molds,casting,,
117v,p117v_2,Marguerites,Marguerites,Daisies,casting,,
117v,p117v_3,Sable qui ha servi,Sable qui ha servi,Sand that was used,casting,,
117v,p117v_4,Mouler a noyau figures de cire ou medailles de plomb,Mouler à noyau figures de cire ou medailles de plomb,Molding à noyau figures of wax or medals of lead,casting,,
117v,p117v_5,Sang des serpens,Sang des serpens,Blood of snakes,casting,,
118r,p118r_1,Escargots,Escargots,Snails,casting,,
118r,p118r_2,Pour oster les baves ou barbes des choses moulees a noyau,Pour oster les baves ou barbes des choses moulées à noyau,For removing flashing and barbs from things molded à noyau,casting,,
118r,p118r_3,Pour grottes,Pour grottes,For grottos,decorative,,
118r,p118r_4,Estaim de glace,Estaim de glace,Looking-glass tin,casting,,
118r,p118r_5,Sel armoniac,Sel armoniac,Sal ammoniac,casting,,
118v,p118v_1,Gect en chassis,Gect en chassis,Casting in frames,casting,,
119r,p118v_1,,,,,,
119r,p119r_1,Advertissement sur ce que dessus,Advertissement sur ce que dessus,Advice about the above,casting,,
119v,p119v_1,Facon dacoustrer laspalte spatc_108r_02,Facon d’acoustrer laspalte spatc_108r_02,Fashion of preparing asphaltum spatc_108r_02,casting,,
119v,p119v_2,Excellent secret pour mouler creus et fort subtil en or fin,Excellent secret pour mouler creus et fort subtil en or fin,Excellent secret for molding hollow and very delicately infine gold,casting,,
120r,p120r_1,Medailles destampe par la cire,Medailles d’estampe par la cire,Medals stamped from the wax,casting,wax process,
120r,p120r_2,Sable pour gecter en or,Sable pour gecter en or,Sand for casting in gold,casting,,
120r,p120r_3,IlRossignol,IlRossignol,IlNightingale,casting,animal husbandry,
120v,p120r_3,,,,,,
120v,p120v_1,Crocum ferri,Crocum ferri,Crocum ferri,casting,,
120v,p120v_2,Anatomie,Anatomie,Anatomy,preserving,,
120v,p120v_3,Fayre courre largent,Fayre courre l’argent,Making silver run,casting,,
120v,p120v_6,Garder fleurs seiches en mesme fig_p120v_3https://drive.google.com/open?id=1PVlkb1lR_o9LNTFq4QNRxxQ-tP1QZHBj estat toute lannee,Garder fleurs seiches en mesme fig_p120v_3https://drive.google.com/open?id=1PVlkb1lR_o9LNTFq4QNRxxQ-tP1QZHBj estat toute l’année,Keeping dry flowers in the same fig_p120v_3https://drive.google.com/open?id=1PVlkb1lR_o9LNTFq4QNRxxQ-tP1QZHBjstate all year,preserving,,
0121r,p120v_4,,,,,,
0121r,p121r_1,Pour garder les fruits tout lan,Pour garder les fruits tout l’an,For keeping fruits all year,preserving,,
121v,p121v_1,Pour gecter en argent,Pour gecter en argent,For casting in silver,casting,,
121v,p121v_2,Argent a gecter,Argent a gecter,Silver for casting,casting,,
122r,p122r_1,Plant des animaulx divers,Plant des animaulx divers,Arranging various animals,casting,,
122r,p122r_2,Fleur en la bouche du serpent,Fleur en la bouche du serpent,Flower in the mouth of the snake,casting,,
122v,p122v_1,Nettoyer lescuelle et la cueillere dequoy on destrempe le sable,Nettoyer l’escuelle et la cueillere de quoy on destrempe le sable,Cleaning the bowl and the spoon with which one wets the sand,casting,,
122v,p122v_2,Mouler en creux,Mouler en creux,Molding hollow,casting,,
122v,p122v_3,Mouler medailles et choses plattes,Mouler medailles et choses plattes,Molding medals and flat things,casting,,
123r,p123r_1,Moyen di far correr lotnegrac_123r_01,Moyen di far correr l’otnegrac_123r_01,A means di far correr otnegrac_123r_01c_123r_02,metal process,,
123v,p123r_1,,,,,,
124r,p124r_1,Animaulx a poil et fleurs foibles et fort tanvres,Animaulx à poil et fleurs foibles et fort tanvres,Animals with hair and fragile and very thin flowers,casting,,
124r,p124r_2,Noyaulx pour mouler creus,Noyaulx pour mouler creus,Noyaulx for molding hollow,casting,,
124r,p124r_3,Toile diraignee,Toile d’iraignee,Spider’s web,casting,,
124r,p124r_4,Or fin,Or fin,Fine gold,casting,,
124v,p124v_1,Esmail Rouge clair,Esmailc_124v_02 rouge clair,Rouge clair enamelc_124v_02,painting,metal process,
124v,p124v_2,Gecter en or,Gecter en or,Casting with gold,casting,,
124v,p124v_3,Moyen de fayre le gect pour petites lezardes,Moyen de fayre le gect pour petites lezardes,A means to make the gate for small female lizards,casting,,
125r,p124v_3,,,,,,
125r,p125r_1,Plastre,Plastre,Plaster,casting,,
125r,p125r_2,Symeterres,Symeterres,Scimitarsc_125r_03,arms and armor,casting,
125r,p125r_3,Ouyr de loing,Ouyr de loing,Hearing from afar,tricks and sleight of hand,,
125r,,,,,,,
125v,p125v_1,Viperes et serpens,Viperes et serpens,Vipers and snakes,casting,,
125v,p125v_2,Mouler tortues,Mouler tortues,Molding turtles,casting,,
125v,p125v_3,Plastre pour gect de cire,Plastre pour gect de cire,Plaster for casting in wax,casting,,
126r,p126r_1,Mouler fruicts en sucre et animaulx,Mouler fruicts en sucre et animaulx,Molding fruits and animals in sugar,casting,,
126v,p126v_1,Crocum ferri,Crocum ferri,Crocum ferri,casting,,
126v,p126v_2,Plastre,Plastre,Plaster,casting,,
126v,p126v_3,Herbes difficilles a brusler dans le noyau,Herbes difficilles à brusler dans le noyau,Plants difficult to burn in the noyau,casting,,
127r,p126v_3,,,,,,
127r,p127r_1,Moule de plastre pour cire,Moule de plastre pour cire,Molds of plaster for wax,casting,,
127v,p127v_1,Terre des fondeurs,Terre des fondeurs,Founders’ earth,casting,,
128r,p128r_1,Gecter en argent et or,Gecter en argent et or,Casting in silver and gold,casting,,
128v,p128r_1,,,,,,
128v,p128v_1,Blanchiment de largent gecte,Blanchiment de l’argent gecté,Whitening of cast silver,casting,metal process,
129r,p129r_1,Paindre herbes de metal,Paindre herbes de metal,Painting metal herbs,painting,,
129r,p129r_2,Pour santonique,Pour santonique,For wormseed,painting,,
129r,p129r_3,Couleur de vipere,Couleur de vipere,Viper color,casting,,
129r,p129r_4,Roses moulees,Roses moulées,Molded roses,casting,,
129v,p129v_1,Animaulx seiches au four de longue duree,Animaulx seichés au four de longue durée,Animals dried in the oven for a long time,preserving,decorative,casting
129v,p129v_2,Animaulx gectes en cuivre,Animaulx gectés en cuivre,Animals cast in copper,casting,,
129v,p129v_3,Advis sur le gect,Advis sur le gect,Advice about casting,casting,,
129v,p129v_4,Yraigne moulee sur une fœille,Yraignemoulée sur une fœille,Spider molded on a leaf,casting,,
130r,p130r_1,Animaulx seches au four,Animaulx sechés au four,Animals dried in an oven,preserving,decorative,
130r,p130r_2,Pour rougir les escrevisses vives qui sembleront bouillies,"Pour rougir les escrevisses vives, qui sembleront bouillies","For reddening live crayfish, which will seem boiled",tricks and sleight of hand,,
130r,p130r_3,Mouler une yraigne seule,Mouler une yraigne seule,Molding a single spider,casting,,
130r,p130r_4,Mouler une feuille de vigne seule,Mouler une feuille de vigne seule,Molding a single vine leaf,casting,,
130v,p130v_1,Mouler un chancre,Mouler un chancre,Molding a crab,casting,,
130v,p130v_2,Cerf volant,Cerf volant,Stag beetle,casting,,
130v,p130v_3,Pour mouler tanvre,Pour mouler tanvre,For molding thin,casting,,
131r,p131r_1,Herbes qui sont malaisees a brusler dans le moule,Herbes qui sont malaisées à brusler dans le moule,Plants that are awkward to burn in the mold,casting,,
131r,p131r_2,Lettre et papier moule,Lettre et papier moulé,Letters and molded paper,casting,,
131r,p131r_3,Pour orner des licts mirouers et semblables,"Pour orner des licts, mirouers et semblables","For adorning beds, mirrors, and suchlike",decorative,,
131r,p131r_4,Pour bien aprendre un cheiien,Pour bien aprendre un cheiien,For teaching a dog well,household and everyday life,,
131r,p131r_5,Cires moulees,Cires moulées,Molded waxes,casting,,
131v,p131r_5,,,,,,
131v,p131v_1,Quand le gect destaim ou de plomb soufle,Quand le gect d’estaim ou de plomb soufle,When the cast of tin or lead becomes porous,casting,,
132r,p131v_1,,,,,,
132r,p132r_1,Moule faict a deulx gects,Moule faict à deulx gects,Mold made in two casts,casting,,
132r,p132r_2,Forme de recuire les moules,Forme de recuire les moules,Method for reheating the molds,casting,,
132v,p132r_2,,,,,,
132v,p132v_1,Sable commun de mine,Sable commun de mine,Common sand from the mine,casting,,
132v,p132v_2,Crocum ferri,Crocum ferri,Crocum ferri,casting,,
132v,p132v_3,Dorer animaulx gectes dargent,Dorer animaulx gectés d’argent,Gilding animals cast in silver,casting,,
133r,p133r_1,Cire dure pour empraindre cachets,Cire dure pour empraindre cachets,Hard wax for imprinting seals,wax process,,
133r,p133r_2,Pieds de petitses lezardes pour or et argent,Pieds de petitses lezardes pour or et argent,Feet of smalls lizards for gold and silver,casting,,
133r,p133r_3,Marques des poinctes de fil de fer qui se trouvent en la teste de lanimal,Marques des poinctes de fil de fer qui se trouvent en la teste de l’animal.,Marks from the points of iron wire which are found on the head of the animal,casting,,
133r,p133r_4,Crampons et moule rompu,Crampons et moule rompu,Clamps and broken mold,casting,,
133v,p133v_1,Le souflement et petits trous qui se trouvent aulx moules,Le souflement et petits trous qui se trouvent aulx moules,Bubbles and little holes which are found in the mold,casting,,
133v,p133v_2,Chose qui nest en despouille,Chose qui n’est en despouille,Thing that does not release,casting,,
133v,p133v_3,Divers animaulx enlasses,Divers animaulx enlassés,Various animals entwined,casting,,
134r,p133v_3,,,,,,
134r,p134r_1,Pour racoustrer un moule perce,Pour racoustrer un moule percé,For mending a pierced mold,casting,,
134r,p134r_2,Sable de crocum,Sable de crocum,Sand of crocum,casting,,
134v,p134v_1,Faire courre le ☀,Faire courre le ☀,For making ☀ run,metal process,casting,
134v,p134v_2,Pour gect dor en grand ouvraige,Pour gect d’or en grand ouvraige,For gold casts for large works,casting,,
134v,p134v_3,Secret pour soulder lor et argent en petit ouvrage,Secret pour soulder l’or et argent en petit ouvrage,Secret for soldering gold and silver for small works,casting,,
135r,p135r_1,Couleurc_135r_01 pour or ou saulce,Couleurc_135r_01 pour or ou saulce,Couleurc_135r_01 for gold or mixture,casting,metal process,
135r,p135r_2,Gect,Gect,Gate,casting,,
135r,p135r_3,Fœille de vigne et petite grenoille,Fœille de vigne et petite grenoille,Vine leaf and small frog,casting,,
135v,p135v_1,Pour gecter en ☼,Pour gecter en ☼,Casting in ☼,casting,,
136r,p135v_1,,,,,,
136r,p136r_1,DEsm Esmailler ouvraiges tanvres,DEsmEsmailler ouvraiges tanvres,DEsmEnamelling thin works,casting,metal process,
136v,p136v_1,Pour gecter en letton,Pour gecter en letton,For casting with latten,casting,,
137r,p137r_1,Pour gecter en cuivre rouge,Pour gecter en cuivre rouge,For casting in red copper,casting,,
137r,p137r_2,Huile tingente pour fayre courre les metaux,Huile tingente pour fayre courre les metaux,Huile tingente to make metals run,casting,metal process,
137r,p137r_3,Crampons,Crampons,Clamps,casting,,
137v,p137v_1,Destremper sable pour moule de medailles plattes,Destremper sable pour moule de medailles plattes,Tempering sand for molds of flat medals,casting,,
138r,p137v_1,,,,,,
138v,p138v_1,Talc mesle aulx moules,Talc meslé aulx moules,Talcum mixed in the molds,casting,,
138v,p138v_2,Or gecte fort tanvre,Or gecté fort tanvre,Gold cast very thinly,casting,,
138v,p138v_3,Diamants contrefaicts mis en œuvre,Diamants contrefaicts mis en œuvre,Counterfeitc_003r_02 diamonds put in a work,stones,,
139r,p139r_1,Gect de plomb et destaim,Gect de plomb et d’estaim,Casts of lead and tin,casting,,
139v,p139r_1,,,,,,
139v,p139v_1,Gect en cire pour representer lanimal quon na point,Gect en cire pour representer l’animal qu’on n’a point,Cast of wax to represent an animal that one has not got,casting,,
140r,p139v_1,,,,,,
140v,p139v_1,,,,,,
140v,p140v_1,Pour gecter en soufre,Pour gecter en soufre,For casting in sulfur,casting,,
140v,p140v_2,Mouler et rapetisser une grande figure,Mouler et rapetisser une grande figure,Molding and shrinking a large figure,casting,,
140v,p140v_3,Gect de plomb et estain en plastre,Gect de plomb et estain en plastre,Cast of lead and tin in plaster,casting,,
141r,p141r_1,Mouler une escrevisse,Mouler une escrevisse,Molding a crayfish,casting,,
141v,p141r_1,,,,,,
142r,p141r_1,,,,,,
142v,p142v_1,Mouler saulterelles et choses trop tanvres,Mouler saulterelles et choses trop tanvres,Molding grasshoppers and things too thin,casting,,
142v,p142v_2,Moules,Moules,Molds,casting,,
142v,p142v_3,Luth pour luther tes moules,Luth pour luther tes moules,Lute for luting your molds,casting,,
143r,p143r_1,Mouler tortues,Mouler tortues,Molding turtles,casting,,
143r,p143r_2,Mouleurs de foix,Mouleurs de Foix,Molders from Foix,casting,,
143r,p143r_3,Crapault,Crapault,Toad,casting,,
143v,p143r_3,,,,,,
143v,p143v_1,Carquans faicts a jour,Carquans faicts à jour,Carcanets made à jour,casting,,
143v,p143v_2,Limaille de fer,Limaille de fer,Iron filings,casting,,
143v,p143v_3,Œillets,Œillets,Carnations,casting,,
144r,p144r_1,Tortues,Tortues,Turtles,casting,,
144v,p144r_1,,,,,,
145r,p145r_1,Gecter en trois chassis,Gecter en trois chassis,Casting in three frames,casting,,
145r,p145r_2,Os de seiche,Os de seiche,Cuttlefish bone,casting,,
145v,p145r_2,,,,,,
145v,p145v_1,Mouler herbes et fleurs,Mouler herbes et fleurs,Molding plants and flowers,casting,,
145v,p145v_2,fleurs,Fleurs,Flowers,casting,,
146r,p145v_1,,,,,,
146v,p146v_1,Mouler tortues,Mouler tortues,Molding turtles,casting,,
147r,p146v_1,,,,,,
147v,p147v_1,+ Gect de cuivre allie de ☾ qui est comme soubdure fort basse / ardc_147v_01 et vieulx K et quelque Rc_147v_01 sur xii,+ Gect de cuivre allié de ☾ qui est comme soubdure fort basse / ard c_147v_01 et vieulx Kc_086v_03 et quelque Rc_147v_01 sur xii,"+Cast of copper alloyed with ☾, which is like very base solder / ardc_147v_01 and old K and some Rc_147v_01 out of xii",casting,,
147v,p147v_2,Luth,Luth,Lute,casting,,
147v,p147v_3,Crusol,Crusol,Crucible,casting,,
147v,p147v_4,Gect de letton,Gect de letton,Cast of latten,casting,,
148r,p147v_4,,,,,,
148r,p148r_1,Belle couleur au letton,Belle couleur au letton,Beautiful color for latten,casting,metal process,
148r,p148r_2,Blanchiment,Blanchiment,Whitening,metal process,,
148r,p148r_3,Mouler pied de butor ou daigle ou daultres oyseaulx pour pied de salieres ou vases,Mouler pied de butor ou d’aigle ou d’aultres oyseaulx pour pied de salieres ou vases,"Molding the foot of the bittern, or of the eagle, or of other birds for the foot of saltcellars or vases",casting,,
148r,p148r_4,Crocum ferri,Crocum ferri,Crocum ferri,casting,,
148v,p148v_1,Mouler tortues,Mouler tortues,Molding turtles,casting,,
149r,p149r_1,Ramollir le ferc_149r_01 et le rendre fort doux,Ramollir le fer et le rendre fort doux,Softening iron and rendering it very doux,metal process,,
149r,p149r_2,Or bas dallemaigne electre,"Or bas d’Allemaigne, electre","Base gold from Germany, electrum",metal process,,
149r,p149r_3,Divers arts dallemaigne,Divers arts d’Allemaigne,Various arts from Germany,metal process,,
149r,p149r_4,Medaille a reparer,Medaille à reparer,Repairing a medal,casting,,
149v,p149v_1,Mouler vases de plusieurs pieces,Mouler vases de plusieurs pieces,Molding vases in several pieces,casting,,
149v,p149v_2,Souldure dor,Souldure d’or,Gold solder,metal process,,
149v,p149v_3,Mouler une mousche,Mouler une mousche,Molding a fly,casting,,
149v,p149v_4,Chauve souris,Chauve souris,Bat,casting,,
150r,p150r_1,Cire fort dure,Cire fort dure,Very strong wax,casting,,
150r,p150r_2,Ligues diverses destain et plomb,Ligues diverses d’estain et plomb,Various alloys of tin and lead,casting,,
150r,p150r_3,Moules,Moules,Molds,casting,,
150v,p150v_1,Mouler creux,Mouler creux,Molding hollow,casting,,
151r,p150v_1,,,,,,
151v,p150v_1,,,,,,
151v,p151v_1,Huile de froment,Huile de froment,Wheat oil,casting,,
152r,p152r_1,Mouler un rat,Mouler un rat,Molding a rat,casting,,
152v,p152v_1,Reparer les choses gectees,Reparer les choses gectées,Repairing cast things,casting,,
153r,p153r_1,Mouler en cave pour cachets ou aultre,Mouler en cave pour cachets ou aultre,Molding hollow for seals or other things,casting,,
153r,p153r_2,Donner telle espesseur a une medaille que tu vouldras,Donner telle espesseur à une medaille que tu vouldras,Giving the thickness that you wish to a medal,casting,,
153v,p153r_2,,,,,,
153v,p153v_1,Essayer la bonte et force dun sable a recuire,Essayer la bonté et force d’un sable à recuire,Testing the goodness and strength of a sand to be reheated,casting,,
153v,p153v_2,Adoulcir lor,Adoulcir l’or,Making gold doux,metal process,,
154r,p154r_1,Lor nestre fixe,L’or n’estre fixe,Gold not being fixed,metal process,,
154r,p154r_2,Couper plomb,Couper plomb,Cutting lead,metal process,,
154r,p154r_3,Adoulcir largent,Adoulcir l’argent,Sweetening silver,metal process,,
154r,p154r_4,Escaille de fer,Escaille de fer,Iron scales,metal process,,
154r,p154r_5,Limaille des metaulx,Limaille des metaulx,Metal filings,metal process,,
154v,p154v_1,Letton,Letton,Latten,casting,,
154v,p154v_2,Mouler,Mouler,Molding,casting,,
154v,p154v_3,Gect dargentc_154v_01,Gect d’argent,The casting of silver,casting,,
154v,p154v_4,Renforcer les fleurs et choses delicates,Renforcer les fleurs et choses delicates,Reinforcing flowers and delicate things,casting,,
154v,p154v_5,fraises,Fraises,Strawberries,casting,,
155r,p155r_1,Mouler une rose,Mouler une rose,Molding a rose,casting,,
155v,p155v_1,Rose,Rose,Rose,casting,,
156r,p156r_1,Mouler promptement et reduire un cave en relief,Mouler promptement et reduire un cave en relief,Molding promptly and reducing a hollow form to a relief,casting,,
156r,p156r_2,Ouvrage dor fort leger et creux,Ouvrage d’or fort leger et creux,Very light and hollow work of gold,casting,,
156r,p156r_3,Ciseller,Ciseller,Chasing,casting,,
156v,p156v_1,Mouler une mousche,Mouler une mousche,Molding a fly,casting,,
157r,p157r_1,Moyen des orfevres pour mouler creux,Moyen des orfevres pour mouler creux,A means for goldsmiths for molding hollow,casting,,
157r,p157r_2,Rouge cler,Rouge cler,Rouge clair,painting,metal process,
157r,p157r_3,Nettoyer et desgraisser tes ouvrages gectes destain et aultres,Nettoyer et desgraisser tes ouvrages gectés d’estain et aultres,Cleaning and degreasing your works cast from tin and others,casting,,
157r,p157r_4,Disposer lherbe ou fleur pour gecter,Disposer l’herbe ou fleur pour gecter,Arranging plants or flowers for casting,casting,,
157r,p157r_5,Mousches,Mousches,Flies,casting,,
157v,p157v_1,Cendre dans les moules,Cendre dans les moules,Ash in the molds,casting,,
157v,p157v_2,Mouler un oiseau,Mouler un oiseau,Molding a bird,casting,,
157v,p157v_3,Pour faire h… vin f…rs,Pour faire h… vin f…rs,For making h… wine f…rs,tricks and sleight of hand,,
158r,p158r_1,C_158r_01Mercure dans les moules a nettoyer,C_158r_01Mercure dans les moules à nettoyer,Mercury in the molds for cleaning,casting,,
158v,p158v_1,Couleurs pour les feuilles vertes,Couleurs pour les feuilles vertes,Colors for green leaves,painting,,
158v,p158v_2,Grands moules,Grands moules,Large molds,casting,,
158v,p158v_3,Fumee de chandelle,Fumée de chandelle,Candle smoke,casting,,
158v,p158v_4,Gect,Gect,Gate,casting,,
159r,p159r_1,Portraicts de cire,Portraicts de cire,Wax portraits,casting,wax process,
159r,p159r_2,Ciseler,Ciseler,Chiseling,tool,casting,
159r,p159r_3,Colle de poisson,Colle de poisson,Fish glue,tool,,
159r,p159r_4,Estaim et plomb,Estaim et plomb,Tin and lead,casting,,
159v,p159v_1,Nettoyer limes,Nettoyer limes,Cleaning files,tool,,
159v,p159v_2,Œillet,Œillet,Carnation,casting,,
159v,p159v_3,Moules,Moules,Molds,casting,,
159v,p159v_4,Plastre seul,Plastre seul,Plaster alone,casting,,
160r,p160r_1,Presse pour les grands moules,Presse pour les grands moules,Press for the large molds,casting,,
160r,p160r_2,Sable pour fleurs,Sable pour fleurs,Sand for flowers,casting,,
160v,p160v_1,Mouler un pied ou main,Mouler un pied ou main,Molding a foot or hand,casting,,
160v,p160v_2,Ouvraige subtil dor et dargent,Ouvraige subtil d’or et d’argent,Delicate work of gold or of silver,casting,,
160v,p160v_3,Prendre escrevisses,Prendre escrevisses,Catching crayfish,casting,,
160v,p160v_4,Prendre passereaulx,Prendre passereaulx,Catching passerines,casting,,
160v,p160v_5,Prendre oiseaulx,Prendre oiseaulx,Catching birds,casting,,
161r,p161r_1,Præparation du sable pour chassis,Præparation du sable pour chassis,Preparation of sand for frames,casting,,
161v,p161v_1,c_161v_01Crocum ferri,Crocum ferri,c_161v_01Crocum ferri,metal process,,
162r,p162r_1,Pour la boutique,Pour la boutique,For the workshop,La boutique,,
162r,,,,,,,
162r,,,,,,,
162r,,,,,,,
162r,p162r_2,Aes ustum,Aes ustum,Aes ustum,casting,,
162r,p162r_3,Boys pourry,Boys pourry,Rotten wood,casting,,
162v,p162v_1,Peschers,Peschers,Peach tree,cultivation,,
162v,p162v_2,Oliviers,Oliviers,Olive trees,cultivation,,
162v,p162v_3,Pied de Butor,Pied de butor,Bittern foot,casting,,
162v,p162v_4,Moules de choses qui ne sont en despouille,Moules de choses qui ne sont en despouille,Molds of things that do not release,casting,,
163r,p163r_1,Parfumeur,Parfumeur,Perfumer,household and everyday life,tool,
163r,p163r_2,Eau de vye,Eau de vye,Eau-de-vie,casting,,
163v,p163v_1,Escrevisse,Escrevisse,Crayfish,casting,,
163v,p163v_2,Crocum,Crocum,Crocum,metal process,,
163v,p163v_3,Reparer,Reparer,Repairing,casting,tool,
164r,p164r_1,Gect,Gect,Gate,casting,,
164r,p164r_2,Reparer les baves,Reparer les baves,Repairing flashing,casting,tool,
164r,p164r_3,Argent plombeus,Argent plombeus,Leady silver,casting,,
164r,p164r_4,Soufler,Soufler,Blowing,casting,metal process,
164v,p164v_1,Moules,Moules,Molds,casting,,
164v,p164v_2,Sable,Sable,Sable,casting,,
164v,p164v_3,Moules,Moules,Molds,casting,,
165r,p165r_1,Reparer,Reparer,Repairing,casting,tool,
165r,p165r_2,Laque,Laque,Lake,painting,,
165r,p165r_3,Tendre un portrait en toile,Tendre un portrait en toile,Stretching a canvas picture,painting,,
165r,p165r_4,Plastre a mouler,Plastre à mouler,Plaster for molding,casting,,
165r,p165r_5,Sang de dragon,Sang de dragon,Dragon’s blood,painting,varnish,
165r,p165r_6,Reparer serpents et lesards,Reparer serpents et lesards,Repairing snakes and lizards,casting,,
165v,p165v_1,Plant danimaulx,Plant d’animaulx,Stance of animals,casting,,
165v,p165v_2,Gardes animaulx,Gardes animaulx,Keeping animals,casting,,
165v,p165v_3,Moules,Moules,Molds,casting,,
165v,p165v_4,Luth,Luth,Lute,casting,,
165v,p165v_5,Argent,Argent,Silver,metal process,casting,
165v,p165v_6,Aisle de mousche,Aisle de mousche,Fly wings,casting,,
165v,p165v_7,Raporter quelque aisle de mousche ou semblable,Raporter quelque aisle de mousche ou semblable,"Joining some fly wings, or similar",casting,,
166r,p166r_1,Pour la boutique,Pour la boutique,For the workshop,La boutique,,
166v,p166v_1,,,,,,
166v,p166v_2,Garder chastaignes,Garder chastaignes,Keeping chestnuts,preserving,cultivation,
166v,p166v_3,Bougie odorante du mans,Bougie odorante du Mans,Scented candle from Le Mans,household and everyday life,,
166v,p166v_4,Adoulcir lor,Adoulcir l’or,For softening gold,metal process,,
166v,p166v_5,Augmenter la couleur du sol,Augmenter la couleur du sol,Improve the color of gold,metal process,corrosives,
167r,p167r_1,Mortiers,Mortiers,Petards,arms and armor,,
167v,p167r_1,,,,,,
168r,p167r_1,,,,,,
168v,p167r_1,,,,,,
169r,p169r_1,,,,lists,,
169v,p169v_1,Mouler fort tanvre comme font les bimbalotiers,Mouler fort tanvre comme font les bimbalotiers,Molding very thin like bimbalotiers do,casting,,
169v,p169v_2,Reduire une figure ronde en cave,Reduire une figure ronde en cave,Reducing a round figure to a hollow form,casting,,
170r,p169v_2,,,,,,
170r,p170r_1,Medailles courantes,Medailles courantes,Current medals,casting,,
170r,p170r_2,Gect,Gect,Cast,casting,,
170r,p170r_3,Crampons,Crampons,Clamps,casting,,
170r,p170r_4,Moules,Moules,Molds,casting,,
170r,p170r_5,Ouvrages espes destain,Ouvrages espés d’estain,Thick works of tin,casting,,
170r,p170r_6,Nettoyer moules clos,Nettoyer moules clos,Cleaning closed molds,casting,,
170v,p170v_1,,,,,,
170v,p170v_2,Contre peste,Contre peste,Against plague,medicine,,
170v,p170v_3,Pour preserver,Pour preserver,For preserving,medicine,,
